{
    "alpha": 100,
    "hidden_states": {
        "Pop1": [
            0.0,
            0.07695225406528515,
            0.3742639321386742,
            1.6999432221680406,
            5008.369714534888,
            Infinity
        ]
    },
    "model": {
        "N0": 0.0625,
        "class": "SMCModel",
        "knots": [
            0.07695225406528515,
            1.6999432221680406
        ],
        "pid": "Pop1",
        "spline_class": "Piecewise",
        "y": [
            2.480415696226213,
            5.58278253660938
        ]
    },
    "rho": 0.009996002840327433,
    "theta": 0.0001
}