{
    "alpha": 100,
    "hidden_states": {
        "Pop1": [
            0.0,
            0.08442334154444028,
            0.22172550514775552,
            0.5567317659385111,
            1.4294284354732314,
            3.8699281640940293,
            5009.191118056976,
            Infinity
        ]
    },
    "model": {
        "N0": 0.0625,
        "class": "SMCModel",
        "knots": [
            0.08442334154444028,
            0.5567317659385111,
            3.8699281640940293
        ],
        "pid": "Pop1",
        "spline_class": "Piecewise",
        "y": [
            9.210336071632158,
            9.210334411067272,
            9.210334411067272
        ]
    },
    "rho": 0.009996002840327433,
    "theta": 0.0001
}