{
    "alpha": 100,
    "hidden_states": {
        "Pop1": [
            0.0,
            0.08062145692641627,
            0.36406712315036804,
            1.711475082031317,
            5008.419688064214,
            Infinity
        ]
    },
    "model": {
        "N0": 0.0625,
        "class": "SMCModel",
        "knots": [
            0.08062145692641627,
            1.711475082031317
        ],
        "pid": "Pop1",
        "spline_class": "Piecewise",
        "y": [
            6.589139179278472,
            6.589139179278472
        ]
    },
    "rho": 0.0001,
    "theta": 0.0001
}