{
    "alpha": 100,
    "hidden_states": {
        "Pop1": [
            0.0,
            0.08075356692092708,
            0.3618462542799158,
            1.7373024437788362,
            5008.479877840268,
            Infinity
        ]
    },
    "model": {
        "N0": 0.0625,
        "class": "SMCModel",
        "knots": [
            0.08075356692092708,
            1.7373024437788362
        ],
        "pid": "Pop1",
        "spline_class": "Piecewise",
        "y": [
            6.584681744322343,
            6.584681744322343
        ]
    },
    "rho": 0.0001,
    "theta": 0.0001
}