{
    "alpha": 100,
    "hidden_states": {
        "Pop1": [
            0.0,
            0.07498993255022365,
            0.1405922955608401,
            0.2781855702345549,
            0.5422603543787025,
            1.0720245399429458,
            2.063717144836699,
            4.406172295236012,
            5007.8710295636565,
            Infinity
        ]
    },
    "model": {
        "N0": 0.0625,
        "class": "SMCModel",
        "knots": [
            0.07498993255022365,
            0.2781855702345549,
            1.0720245399429458,
            4.406172295236012
        ],
        "pid": "Pop1",
        "spline_class": "Piecewise",
        "y": [
            6.495586032550697,
            6.495586032550697,
            6.495586032550697,
            6.495586032550697
        ]
    },
    "rho": 0.0001,
    "theta": 0.0001
}