{
    "alpha": 100,
    "hidden_states": {
        "Pop1": [
            0.0,
            0.07365666545313965,
            0.19100819179570871,
            0.4754249553384689,
            1.1760820352029318,
            3.1583970974353894,
            5007.786900623661,
            Infinity
        ]
    },
    "model": {
        "N0": 0.0625,
        "class": "SMCModel",
        "knots": [
            0.07365666545313965,
            0.4754249553384689,
            3.1583970974353894
        ],
        "pid": "Pop1",
        "spline_class": "Piecewise",
        "y": [
            6.365789637605779,
            6.365789637605779,
            6.365789637605779
        ]
    },
    "rho": 0.0001,
    "theta": 0.0001
}