{
    "alpha": 100,
    "hidden_states": {
        "Pop1": [
            0.0,
            0.09481251585399811,
            0.41738446355962566,
            1.970171748515634,
            5009.041598133086,
            Infinity
        ]
    },
    "model": {
        "N0": 0.0625,
        "class": "SMCModel",
        "knots": [
            0.09481251585399811,
            1.970171748515634
        ],
        "pid": "Pop1",
        "spline_class": "Piecewise",
        "y": [
            9.210333950616402,
            9.210333950616402
        ]
    },
    "rho": 0.0001,
    "theta": 0.0001
}