{
    "alpha": 100,
    "hidden_states": {
        "Pop1": [
            0.0,
            0.08799775001257147,
            0.23422749236551008,
            0.5636283375522468,
            1.4005951462834025,
            3.8794696094010006,
            5009.16852738801,
            Infinity
        ]
    },
    "model": {
        "N0": 0.0625,
        "class": "SMCModel",
        "knots": [
            0.08799775001257147,
            0.5636283375522468,
            3.8794696094010006
        ],
        "pid": "Pop1",
        "spline_class": "Piecewise",
        "y": [
            9.210334594207646,
            9.210334411067272,
            9.210334411067272
        ]
    },
    "rho": 0.009996002840327433,
    "theta": 0.0001
}