{
    "alpha": 100,
    "hidden_states": {
        "Pop1": [
            0.0,
            0.07362056055749072,
            0.14370959866868493,
            0.2831224170987223,
            0.5392410609598279,
            1.031797841067703,
            2.0123071894073004,
            4.342436847267459,
            5007.772551776866,
            Infinity
        ]
    },
    "model": {
        "N0": 0.0625,
        "class": "SMCModel",
        "knots": [
            0.07362056055749072,
            0.2831224170987223,
            1.031797841067703,
            4.342436847267459
        ],
        "pid": "Pop1",
        "spline_class": "Piecewise",
        "y": [
            6.443012804213525,
            6.443012804213525,
            6.443012804213525,
            6.443012804213525
        ]
    },
    "rho": 0.0001,
    "theta": 0.0001
}