{
    "alpha": 1,
    "hidden_states": {
        "Pop1": [
            0.0,
            Infinity
        ]
    },
    "model": {
        "N0": 0.0625,
        "class": "SMCModel",
        "knots": [
            182.32155679395456,
            693.1471805599452,
            1791.7594692280554
        ],
        "pid": "Pop1",
        "spline_class": "Piecewise",
        "y": [
            7.364395573501383,
            7.364259183987623,
            7.364317042065197
        ]
    },
    "rho": 0.0001,
    "theta": 0.0001
}