{
    "alpha": 100,
    "hidden_states": {
        "Pop1": [
            0.0,
            0.07338635162893009,
            0.1429712691729023,
            0.2835787696235295,
            0.5414898551651295,
            1.039635138679477,
            2.034962789115164,
            4.376601367801995,
            5007.706200872357,
            Infinity
        ]
    },
    "model": {
        "N0": 0.0625,
        "class": "SMCModel",
        "knots": [
            0.07338635162893009,
            0.2835787696235295,
            1.039635138679477,
            4.376601367801995
        ],
        "pid": "Pop1",
        "spline_class": "Piecewise",
        "y": [
            8.374487968502825,
            6.04184199123828,
            3.709196014002465,
            5.534415061458145
        ]
    },
    "rho": 0.009996002840327433,
    "theta": 0.0001
}