{
    "alpha": 100,
    "hidden_states": {
        "Pop1": [
            0.0,
            0.07109544345538175,
            0.18529418636017633,
            0.4723456333265335,
            1.2089527934784656,
            3.185013068553315,
            5007.90263823434,
            Infinity
        ]
    },
    "model": {
        "N0": 0.0625,
        "class": "SMCModel",
        "knots": [
            0.07109544345538175,
            0.4723456333265335,
            3.185013068553315
        ],
        "pid": "Pop1",
        "spline_class": "Piecewise",
        "y": [
            6.496827870597322,
            6.496827870597322,
            6.496827870597322
        ]
    },
    "rho": 0.0001,
    "theta": 0.0001
}