{
    "alpha": 100,
    "hidden_states": {
        "Pop1": [
            0.0,
            0.07109544345538175,
            0.18529418636017633,
            0.4723456333265335,
            1.2089527934784656,
            3.185013068553315,
            5007.90263823434,
            Infinity
        ]
    },
    "model": {
        "N0": 0.0625,
        "class": "SMCModel",
        "knots": [
            0.07109544345538175,
            0.4723456333265335,
            3.185013068553315
        ],
        "pid": "Pop1",
        "spline_class": "Piecewise",
        "y": [
            3.834515317540145,
            4.019077081581708,
            5.449290292532112
        ]
    },
    "rho": 0.009996002840327433,
    "theta": 0.0001
}