{
    "alpha": 100,
    "hidden_states": {
        "Pop1": [
            0.0,
            0.08974324220735896,
            0.16842962012292623,
            0.32309341366177424,
            0.6396346612140564,
            1.248228616274271,
            2.449827374014106,
            5.478431393243273,
            5009.154219868814,
            Infinity
        ]
    },
    "model": {
        "N0": 0.0625,
        "class": "SMCModel",
        "knots": [
            0.08974324220735896,
            0.32309341366177424,
            1.248228616274271,
            5.478431393243273
        ],
        "pid": "Pop1",
        "spline_class": "Piecewise",
        "y": [
            9.210340371976184,
            9.210340371976184,
            9.210340371976184,
            9.210340371976184
        ]
    },
    "rho": 0.0001,
    "theta": 0.0001
}