{
    "alpha": 100,
    "hidden_states": {
        "Pop1": [
            0.0,
            0.0928491741002091,
            0.17451047064996028,
            0.33672833835229365,
            0.6635376737987677,
            1.2928569407648054,
            2.5567858768431417,
            5.855953741455187,
            5009.336737618195,
            Infinity
        ]
    },
    "model": {
        "N0": 0.0625,
        "class": "SMCModel",
        "knots": [
            0.0928491741002091,
            0.33672833835229365,
            1.2928569407648054,
            5.855953741455187
        ],
        "pid": "Pop1",
        "spline_class": "Piecewise",
        "y": [
            9.210340371976184,
            9.210340371976184,
            9.210340371976184,
            9.210340371976184
        ]
    },
    "rho": 0.0001,
    "theta": 0.0001
}