{
    "alpha": 100,
    "hidden_states": {
        "Pop1": [
            0.0,
            0.07469257197693528,
            0.19256258151491004,
            0.49328491869226276,
            1.2545173814665846,
            3.3385597260792323,
            5008.2786086099095,
            Infinity
        ]
    },
    "model": {
        "N0": 0.0625,
        "class": "SMCModel",
        "knots": [
            0.07469257197693528,
            0.49328491869226276,
            3.3385597260792323
        ],
        "pid": "Pop1",
        "spline_class": "Piecewise",
        "y": [
            9.095055047720887,
            9.095055047720887,
            9.095055047720887
        ]
    },
    "rho": 0.0001,
    "theta": 0.0001
}