{
    "alpha": 100,
    "hidden_states": {
        "Pop1": [
            0.0,
            0.08650643678362381,
            0.22747821837845225,
            0.5732319044319268,
            1.465600137200894,
            3.9920306759255353,
            5009.317465359218,
            Infinity
        ]
    },
    "model": {
        "N0": 0.0625,
        "class": "SMCModel",
        "knots": [
            0.08650643678362381,
            0.5732319044319268,
            3.9920306759255353
        ],
        "pid": "Pop1",
        "spline_class": "Piecewise",
        "y": [
            9.210340371976184,
            9.210340371976184,
            9.210340371976184
        ]
    },
    "rho": 0.0001,
    "theta": 0.0001
}