{
    "alpha": 100,
    "hidden_states": {
        "Pop1": [
            0.0,
            0.08235633301833746,
            0.15350670014924578,
            0.30012485827735824,
            0.5798394875068462,
            1.1494438499311925,
            2.2229045206592857,
            4.84113155680647,
            5008.605954240127,
            Infinity
        ]
    },
    "model": {
        "N0": 0.0625,
        "class": "SMCModel",
        "knots": [
            0.08235633301833746,
            0.30012485827735824,
            1.1494438499311925,
            4.84113155680647
        ],
        "pid": "Pop1",
        "spline_class": "Piecewise",
        "y": [
            9.126158270544316,
            9.126158270544316,
            9.126158270544316,
            9.126158270544316
        ]
    },
    "rho": 0.0001,
    "theta": 0.0001
}