{
    "alpha": 100,
    "hidden_states": {
        "Pop1": [
            0.0,
            0.07815075471820508,
            0.35383198741339095,
            1.6401282051445145,
            5007.6775858687515,
            Infinity
        ]
    },
    "model": {
        "N0": 0.0625,
        "class": "SMCModel",
        "knots": [
            0.07815075471820508,
            1.6401282051445145
        ],
        "pid": "Pop1",
        "spline_class": "Piecewise",
        "y": [
            1.2171174841760515,
            5.053514904029288
        ]
    },
    "rho": 0.009996002840327433,
    "theta": 0.0001
}