{
    "alpha": 100,
    "hidden_states": {
        "Pop1": [
            0.0,
            0.0900325217555427,
            0.43038084817267186,
            1.9748084981095293,
            5009.343369325681,
            Infinity
        ]
    },
    "model": {
        "N0": 0.0625,
        "class": "SMCModel",
        "knots": [
            0.0900325217555427,
            1.9748084981095293
        ],
        "pid": "Pop1",
        "spline_class": "Piecewise",
        "y": [
            9.21033441102858,
            9.21033441102858
        ]
    },
    "rho": 0.009996002840327433,
    "theta": 0.0001
}