{
    "alpha": 100,
    "hidden_states": {
        "Pop1": [
            0.0,
            0.0738376399682421,
            0.356001122442409,
            1.6153128590803012,
            5007.813566543173,
            Infinity
        ]
    },
    "model": {
        "N0": 0.0625,
        "class": "SMCModel",
        "knots": [
            0.0738376399682421,
            1.6153128590803012
        ],
        "pid": "Pop1",
        "spline_class": "Piecewise",
        "y": [
            3.0057309918302826,
            5.480017348009191
        ]
    },
    "rho": 0.009996002840327433,
    "theta": 0.0001
}