{
    "alpha": 100,
    "hidden_states": {
        "Pop1": [
            0.0,
            0.09221325933817723,
            0.22695796158192966,
            0.558650305700602,
            1.4159620580362788,
            3.8848282205660443,
            5009.173202978361,
            Infinity
        ]
    },
    "model": {
        "N0": 0.0625,
        "class": "SMCModel",
        "knots": [
            0.09221325933817723,
            0.558650305700602,
            3.8848282205660443
        ],
        "pid": "Pop1",
        "spline_class": "Piecewise",
        "y": [
            9.210340371976184,
            9.210340371976184,
            9.210340371976184
        ]
    },
    "rho": 0.0001,
    "theta": 0.0001
}