{
    "alpha": 100,
    "hidden_states": {
        "Pop1": [
            0.0,
            0.0740283416310521,
            0.19225931044231903,
            0.47893603527346257,
            1.1864569585403522,
            3.1932253859796638,
            5007.858250941631,
            Infinity
        ]
    },
    "model": {
        "N0": 0.0625,
        "class": "SMCModel",
        "knots": [
            0.0740283416310521,
            0.47893603527346257,
            3.1932253859796638
        ],
        "pid": "Pop1",
        "spline_class": "Piecewise",
        "y": [
            6.496827870597321,
            6.496827870597321,
            6.496827870597321
        ]
    },
    "rho": 0.0001,
    "theta": 0.0001
}