{
    "alpha": 100,
    "hidden_states": {
        "Pop1": [
            0.0,
            0.0740283416310521,
            0.19225931044231903,
            0.47893603527346257,
            1.1864569585403522,
            3.1932253859796638,
            5007.858250941631,
            Infinity
        ]
    },
    "model": {
        "N0": 0.0625,
        "class": "SMCModel",
        "knots": [
            0.0740283416310521,
            0.47893603527346257,
            3.1932253859796638
        ],
        "pid": "Pop1",
        "spline_class": "Piecewise",
        "y": [
            3.827950824493278,
            4.021152676902061,
            5.449263032421848
        ]
    },
    "rho": 0.009996002840327433,
    "theta": 0.0001
}