{
    "alpha": 100,
    "hidden_states": {
        "Pop1": [
            0.0,
            0.09090855161762526,
            0.40797781295890595,
            1.9647121972983497,
            5009.221623269831,
            Infinity
        ]
    },
    "model": {
        "N0": 0.0625,
        "class": "SMCModel",
        "knots": [
            0.09090855161762526,
            1.9647121972983497
        ],
        "pid": "Pop1",
        "spline_class": "Piecewise",
        "y": [
            9.210334411031742,
            9.210334411031742
        ]
    },
    "rho": 0.009996002840327433,
    "theta": 0.0001
}