{
    "alpha": 100,
    "hidden_states": {
        "Pop1": [
            0.0,
            0.08999175872698013,
            0.42859923948418943,
            1.9648996993894994,
            5009.319181633273,
            Infinity
        ]
    },
    "model": {
        "N0": 0.0625,
        "class": "SMCModel",
        "knots": [
            0.08999175872698013,
            1.9648996993894994
        ],
        "pid": "Pop1",
        "spline_class": "Piecewise",
        "y": [
            9.210333917182309,
            9.210333917182309
        ]
    },
    "rho": 0.0001,
    "theta": 0.0001
}