{
    "alpha": 100,
    "hidden_states": {
        "Pop1": [
            0.0,
            0.0928479319790167,
            0.1744981468632267,
            0.33656305993607494,
            0.6633525521414294,
            1.2927003096884198,
            2.556362809993671,
            5.852905091730021,
            5009.334182176821,
            Infinity
        ]
    },
    "model": {
        "N0": 0.0625,
        "class": "SMCModel",
        "knots": [
            0.0928479319790167,
            0.33656305993607494,
            1.2927003096884198,
            5.852905091730021
        ],
        "pid": "Pop1",
        "spline_class": "Piecewise",
        "y": [
            9.210340371976184,
            9.210340371976184,
            9.210340371976184,
            9.210340371976184
        ]
    },
    "rho": 0.0001,
    "theta": 0.0001
}