{
    "alpha": 100,
    "hidden_states": {
        "Pop1": [
            0.0,
            0.08075509644521148,
            0.364415373319452,
            1.7145938006352506,
            5008.419630687288,
            Infinity
        ]
    },
    "model": {
        "N0": 0.0625,
        "class": "SMCModel",
        "knots": [
            0.08075509644521148,
            1.7145938006352506
        ],
        "pid": "Pop1",
        "spline_class": "Piecewise",
        "y": [
            6.596699064020698,
            6.596699064020698
        ]
    },
    "rho": 0.0001,
    "theta": 0.0001
}