{
    "alpha": 100,
    "hidden_states": {
        "Pop1": [
            0.0,
            0.08075509644521148,
            0.364415373319452,
            1.7145938006352506,
            5008.419630687288,
            Infinity
        ]
    },
    "model": {
        "N0": 0.0625,
        "class": "SMCModel",
        "knots": [
            0.08075509644521148,
            1.7145938006352506
        ],
        "pid": "Pop1",
        "spline_class": "Piecewise",
        "y": [
            1.9805576497003825,
            5.817143569531728
        ]
    },
    "rho": 0.009996002840327433,
    "theta": 0.0001
}