{
    "alpha": 100,
    "hidden_states": {
        "Pop1": [
            0.0,
            0.07852679117654898,
            0.3791012160115161,
            1.7234422506438145,
            5008.518508677246,
            Infinity
        ]
    },
    "model": {
        "N0": 0.0625,
        "class": "SMCModel",
        "knots": [
            0.07852679117654898,
            1.7234422506438145
        ],
        "pid": "Pop1",
        "spline_class": "Piecewise",
        "y": [
            3.6181630662980067,
            5.383355003061358
        ]
    },
    "rho": 0.009996002840327433,
    "theta": 0.0001
}