{
    "alpha": 100,
    "hidden_states": {
        "Pop1": [
            0.0,
            0.07359507474879735,
            0.19090874532863147,
            0.4746118391296676,
            1.1747902417199236,
            3.153832468668589,
            5007.743274589956,
            Infinity
        ]
    },
    "model": {
        "N0": 0.0625,
        "class": "SMCModel",
        "knots": [
            0.07359507474879735,
            0.4746118391296676,
            3.153832468668589
        ],
        "pid": "Pop1",
        "spline_class": "Piecewise",
        "y": [
            3.1666969183491975,
            2.9187031325292727,
            5.461002084127299
        ]
    },
    "rho": 0.009996002840327433,
    "theta": 0.0001
}