{
    "alpha": 100,
    "hidden_states": {
        "Pop1": [
            0.0,
            0.0736502940009663,
            0.35424867857646697,
            1.6086412544287376,
            5007.787253248735,
            Infinity
        ]
    },
    "model": {
        "N0": 0.0625,
        "class": "SMCModel",
        "knots": [
            0.0736502940009663,
            1.6086412544287376
        ],
        "pid": "Pop1",
        "spline_class": "Piecewise",
        "y": [
            2.2736924056543737,
            5.41185425923931
        ]
    },
    "rho": 0.009996002840327433,
    "theta": 0.0001
}