{
    "alpha": 100,
    "hidden_states": {
        "Pop1": [
            0.0,
            0.09312283694828612,
            0.1750297529448499,
            0.33371821126064877,
            0.6392090494154247,
            1.2355637427913566,
            2.4484199747606086,
            5.512100763704152,
            5009.0823485427445,
            Infinity
        ]
    },
    "model": {
        "N0": 0.0625,
        "class": "SMCModel",
        "knots": [
            0.09312283694828612,
            0.33371821126064877,
            1.2355637427913566,
            5.512100763704152
        ],
        "pid": "Pop1",
        "spline_class": "Piecewise",
        "y": [
            9.210340371976184,
            9.210340371976184,
            9.210340371976184,
            9.210340371976184
        ]
    },
    "rho": 0.0001,
    "theta": 0.0001
}