{
    "alpha": 100,
    "hidden_states": {
        "Pop1": [
            0.0,
            0.09002524083169168,
            0.23880026096253915,
            0.5761653453425442,
            1.4380094695840973,
            4.028698257491047,
            5009.329022021341,
            Infinity
        ]
    },
    "model": {
        "N0": 0.0625,
        "class": "SMCModel",
        "knots": [
            0.09002524083169168,
            0.5761653453425442,
            4.028698257491047
        ],
        "pid": "Pop1",
        "spline_class": "Piecewise",
        "y": [
            9.210335522321639,
            9.210334411031742,
            9.210334411031742
        ]
    },
    "rho": 0.009996002840327433,
    "theta": 0.0001
}