{
    "alpha": 100,
    "hidden_states": {
        "Pop1": [
            0.0,
            0.07742281366845026,
            0.1893360054793662,
            0.47663561111475045,
            1.1910359481744481,
            3.1624460989893564,
            5007.604136257525,
            Infinity
        ]
    },
    "model": {
        "N0": 0.0625,
        "class": "SMCModel",
        "knots": [
            0.07742281366845026,
            0.47663561111475045,
            3.1624460989893564
        ],
        "pid": "Pop1",
        "spline_class": "Piecewise",
        "y": [
            6.362055644010612,
            6.362055644010612,
            6.362055644010612
        ]
    },
    "rho": 0.0001,
    "theta": 0.0001
}