{
    "alpha": 100,
    "hidden_states": {
        "Pop1": [
            0.0,
            0.08178016064942036,
            0.1517129660675924,
            0.2985449679740164,
            0.5753734961965309,
            1.1394441966313802,
            2.203396991560252,
            4.785205990506153,
            5008.525035039226,
            Infinity
        ]
    },
    "model": {
        "N0": 0.0625,
        "class": "SMCModel",
        "knots": [
            0.08178016064942036,
            0.2985449679740164,
            1.1394441966313802,
            4.785205990506153
        ],
        "pid": "Pop1",
        "spline_class": "Piecewise",
        "y": [
            9.131032961089279,
            9.131032961089279,
            9.131032961089279,
            9.131032961089279
        ]
    },
    "rho": 0.0001,
    "theta": 0.0001
}