{
    "alpha": 100,
    "hidden_states": {
        "Pop1": [
            0.0,
            0.08075825782253097,
            0.36443269354248714,
            1.714596847525382,
            5008.427683854345,
            Infinity
        ]
    },
    "model": {
        "N0": 0.0625,
        "class": "SMCModel",
        "knots": [
            0.08075825782253097,
            1.714596847525382
        ],
        "pid": "Pop1",
        "spline_class": "Piecewise",
        "y": [
            2.9789323029245063,
            5.333534127425357
        ]
    },
    "rho": 0.009996002840327433,
    "theta": 0.0001
}