{
    "alpha": 100,
    "hidden_states": {
        "Pop1": [
            0.0,
            0.07061498328022979,
            0.18338352439951633,
            0.46785298213202964,
            1.2001851765773908,
            3.1545059057788074,
            5007.837140660081,
            Infinity
        ]
    },
    "model": {
        "N0": 0.0625,
        "class": "SMCModel",
        "knots": [
            0.07061498328022979,
            0.46785298213202964,
            3.1545059057788074
        ],
        "pid": "Pop1",
        "spline_class": "Piecewise",
        "y": [
            3.9277243735212752,
            3.417707630101046,
            5.467142592704309
        ]
    },
    "rho": 0.009996002840327433,
    "theta": 0.0001
}