{
    "alpha": 100,
    "hidden_states": {
        "Pop1": [
            0.0,
            0.08099515920303303,
            0.15091039776334525,
            0.29526446323012806,
            0.5723772060201918,
            1.1329205468679973,
            2.1906306540308047,
            4.747196739484968,
            5008.486069350309,
            Infinity
        ]
    },
    "model": {
        "N0": 0.0625,
        "class": "SMCModel",
        "knots": [
            0.08099515920303303,
            0.29526446323012806,
            1.1329205468679973,
            4.747196739484968
        ],
        "pid": "Pop1",
        "spline_class": "Piecewise",
        "y": [
            9.137331655910756,
            9.137331655910756,
            9.137331655910756,
            9.137331655910756
        ]
    },
    "rho": 0.0001,
    "theta": 0.0001
}