{
    "alpha": 100,
    "hidden_states": {
        "Pop1": [
            0.0,
            0.08088489275726506,
            0.20315108291554443,
            0.5009152130976119,
            1.260847530520538,
            3.384626768870851,
            5008.468866404709,
            Infinity
        ]
    },
    "model": {
        "N0": 0.0625,
        "class": "SMCModel",
        "knots": [
            0.08088489275726506,
            0.5009152130976119,
            3.384626768870851
        ],
        "pid": "Pop1",
        "spline_class": "Piecewise",
        "y": [
            9.142811482712055,
            9.142811482712055,
            9.142811482712055
        ]
    },
    "rho": 0.0001,
    "theta": 0.0001
}