{
    "alpha": 100,
    "hidden_states": {
        "Pop1": [
            0.0,
            0.07380414509333573,
            0.19125340001998598,
            0.4767344848504897,
            1.1795721629298415,
            3.1673395422592097,
            5007.798659346218,
            Infinity
        ]
    },
    "model": {
        "N0": 0.0625,
        "class": "SMCModel",
        "knots": [
            0.07380414509333573,
            0.4767344848504897,
            3.1673395422592097
        ],
        "pid": "Pop1",
        "spline_class": "Piecewise",
        "y": [
            6.492988531965349,
            6.492988531965349,
            6.492988531965349
        ]
    },
    "rho": 0.0001,
    "theta": 0.0001
}