{
    "alpha": 100,
    "hidden_states": {
        "Pop1": [
            0.0,
            0.07339400971019681,
            0.19009747982684924,
            0.4734883026074724,
            1.1717048397910441,
            3.1455373430366134,
            5007.719001946066,
            Infinity
        ]
    },
    "model": {
        "N0": 0.0625,
        "class": "SMCModel",
        "knots": [
            0.07339400971019681,
            0.4734883026074724,
            3.1455373430366134
        ],
        "pid": "Pop1",
        "spline_class": "Piecewise",
        "y": [
            6.907752821698824,
            5.302768923167574,
            5.259719524953193
        ]
    },
    "rho": 0.0043223270001982225,
    "theta": 0.0001
}