{
    "alpha": 100,
    "hidden_states": {
        "Pop1": [
            0.0,
            0.07339400971019681,
            0.19009747982684924,
            0.4734883026074724,
            1.1717048397910441,
            3.1455373430366134,
            5007.719001946066,
            Infinity
        ]
    },
    "model": {
        "N0": 0.0625,
        "class": "SMCModel",
        "knots": [
            0.07339400971019681,
            0.4734883026074724,
            3.1455373430366134
        ],
        "pid": "Pop1",
        "spline_class": "Piecewise",
        "y": [
            8.570051888739222,
            6.9077580491875015,
            5.245464209635189
        ]
    },
    "rho": 0.00024988494171559637,
    "theta": 0.0001
}