{
    "alpha": 100,
    "hidden_states": {
        "Pop1": [
            0.0,
            0.07560291628555751,
            0.34415227496818146,
            1.6117217731880835,
            5007.875124940113,
            Infinity
        ]
    },
    "model": {
        "N0": 0.0625,
        "class": "SMCModel",
        "knots": [
            0.07560291628555751,
            1.6117217731880835
        ],
        "pid": "Pop1",
        "spline_class": "Piecewise",
        "y": [
            1.3238287906020014,
            5.202704967361914
        ]
    },
    "rho": 0.009996002840327433,
    "theta": 0.0001
}