{
    "alpha": 100,
    "hidden_states": {
        "Pop1": [
            0.0,
            0.0898414326918246,
            0.23842984819256705,
            0.5750207240262362,
            1.4340568494857147,
            4.00368012670489,
            5009.302252567276,
            Infinity
        ]
    },
    "model": {
        "N0": 0.0625,
        "class": "SMCModel",
        "knots": [
            0.0898414326918246,
            0.5750207240262362,
            4.00368012670489
        ],
        "pid": "Pop1",
        "spline_class": "Piecewise",
        "y": [
            9.210335522368412,
            9.210334411067272,
            9.210334411067272
        ]
    },
    "rho": 0.009996002840327433,
    "theta": 0.0001
}