{
    "alpha": 100,
    "hidden_states": {
        "Pop1": [
            0.0,
            0.0876622873121291,
            0.41654715416209503,
            1.9022969230457139,
            5009.12581050414,
            Infinity
        ]
    },
    "model": {
        "N0": 0.0625,
        "class": "SMCModel",
        "knots": [
            0.0876622873121291,
            1.9022969230457139
        ],
        "pid": "Pop1",
        "spline_class": "Piecewise",
        "y": [
            9.210333874384041,
            9.210333874384041
        ]
    },
    "rho": 0.0001,
    "theta": 0.0001
}