{
    "alpha": 100,
    "hidden_states": {
        "Pop1": [
            0.0,
            0.08090878438706858,
            0.20374025523844724,
            0.5014757296361907,
            1.2624198253104744,
            3.389978798548802,
            5008.469978727723,
            Infinity
        ]
    },
    "model": {
        "N0": 0.0625,
        "class": "SMCModel",
        "knots": [
            0.08090878438706858,
            0.5014757296361907,
            3.389978798548802
        ],
        "pid": "Pop1",
        "spline_class": "Piecewise",
        "y": [
            9.152162150757231,
            9.152162150757231,
            9.152162150757231
        ]
    },
    "rho": 0.0001,
    "theta": 0.0001
}