{
    "alpha": 100,
    "hidden_states": {
        "Pop1": [
            0.0,
            0.08651385873786925,
            0.17175515077841141,
            0.3374347345084203,
            0.6638628434779268,
            1.2827493453117111,
            2.5471406036479904,
            5.78277438212532,
            5009.325375968077,
            Infinity
        ]
    },
    "model": {
        "N0": 0.0625,
        "class": "SMCModel",
        "knots": [
            0.08651385873786925,
            0.3374347345084203,
            1.2827493453117111,
            5.78277438212532
        ],
        "pid": "Pop1",
        "spline_class": "Piecewise",
        "y": [
            9.210340371976184,
            9.210340371976184,
            9.210340371976184,
            9.210340371976184
        ]
    },
    "rho": 0.0001,
    "theta": 0.0001
}