{
    "alpha": 100,
    "hidden_states": {
        "Pop1": [
            0.0,
            0.07063847279633009,
            0.18348438101401923,
            0.46802113973116677,
            1.2006061535413792,
            3.1577106848229577,
            5007.836944661488,
            Infinity
        ]
    },
    "model": {
        "N0": 0.0625,
        "class": "SMCModel",
        "knots": [
            0.07063847279633009,
            0.46802113973116677,
            3.1577106848229577
        ],
        "pid": "Pop1",
        "spline_class": "Piecewise",
        "y": [
            6.366573668746026,
            6.366573668746026,
            6.366573668746026
        ]
    },
    "rho": 0.0001,
    "theta": 0.0001
}