{
    "alpha": 100,
    "hidden_states": {
        "Pop1": [
            0.0,
            0.09752290641694321,
            0.23498190699195307,
            0.5812975276396346,
            1.473072073961645,
            4.053508679875121,
            5009.166936758244,
            Infinity
        ]
    },
    "model": {
        "N0": 0.0625,
        "class": "SMCModel",
        "knots": [
            0.09752290641694321,
            0.5812975276396346,
            4.053508679875121
        ],
        "pid": "Pop1",
        "spline_class": "Piecewise",
        "y": [
            9.210336241486116,
            9.210334411067272,
            9.210334411067272
        ]
    },
    "rho": 0.009996002840327433,
    "theta": 0.0001
}