{
    "alpha": 100,
    "hidden_states": {
        "Pop1": [
            0.0,
            0.08283652312565605,
            0.3667088169241761,
            1.7239031922847496,
            5008.392072702562,
            Infinity
        ]
    },
    "model": {
        "N0": 0.0625,
        "class": "SMCModel",
        "knots": [
            0.08283652312565605,
            1.7239031922847496
        ],
        "pid": "Pop1",
        "spline_class": "Piecewise",
        "y": [
            2.4536019733593695,
            5.468146260615246
        ]
    },
    "rho": 0.009996002840327433,
    "theta": 0.0001
}