{
    "alpha": 100,
    "hidden_states": {
        "Pop1": [
            0.0,
            0.08528509718412938,
            0.22550844634637068,
            0.5659069515910018,
            1.4513179150256885,
            3.9389611954584556,
            5009.253132337676,
            Infinity
        ]
    },
    "model": {
        "N0": 0.0625,
        "class": "SMCModel",
        "knots": [
            0.08528509718412938,
            0.5659069515910018,
            3.9389611954584556
        ],
        "pid": "Pop1",
        "spline_class": "Piecewise",
        "y": [
            9.210333850445014,
            9.210334411031742,
            9.210334411031742
        ]
    },
    "rho": 0.009996002840327433,
    "theta": 0.0001
}