{
    "alpha": 100,
    "hidden_states": {
        "Pop1": [
            0.0,
            0.07148134163568624,
            0.13860030200539522,
            0.279988230733332,
            0.5402967787675619,
            1.0662583202523679,
            2.0666172641665606,
            4.403554963656063,
            5007.909899873634,
            Infinity
        ]
    },
    "model": {
        "N0": 0.0625,
        "class": "SMCModel",
        "knots": [
            0.07148134163568624,
            0.279988230733332,
            1.0662583202523679,
            4.403554963656063
        ],
        "pid": "Pop1",
        "spline_class": "Piecewise",
        "y": [
            6.43754732630039,
            6.43754732630039,
            6.43754732630039,
            6.43754732630039
        ]
    },
    "rho": 0.0001,
    "theta": 0.0001
}