{
    "alpha": 100,
    "hidden_states": {
        "Pop1": [
            0.0,
            0.08376824219316846,
            0.21999185650032022,
            0.5531250902972481,
            1.4163822296140098,
            3.8258952656932776,
            5009.145897015484,
            Infinity
        ]
    },
    "model": {
        "N0": 0.0625,
        "class": "SMCModel",
        "knots": [
            0.08376824219316846,
            0.5531250902972481,
            3.8258952656932776
        ],
        "pid": "Pop1",
        "spline_class": "Piecewise",
        "y": [
            9.210340371976184,
            9.210340371976184,
            9.210340371976184
        ]
    },
    "rho": 0.0001,
    "theta": 0.0001
}