{
    "alpha": 100,
    "hidden_states": {
        "Pop1": [
            0.0,
            0.07385159616611973,
            0.35608415023823997,
            1.6161308354453925,
            5007.816128123942,
            Infinity
        ]
    },
    "model": {
        "N0": 0.0625,
        "class": "SMCModel",
        "knots": [
            0.07385159616611973,
            1.6161308354453925
        ],
        "pid": "Pop1",
        "spline_class": "Piecewise",
        "y": [
            2.9603689407688245,
            5.459032861098922
        ]
    },
    "rho": 0.009996002840327433,
    "theta": 0.0001
}