{
    "alpha": 100,
    "hidden_states": {
        "Pop1": [
            0.0,
            0.07672096821054328,
            0.3713385725508219,
            1.6865076522487874,
            5008.289095279532,
            Infinity
        ]
    },
    "model": {
        "N0": 0.0625,
        "class": "SMCModel",
        "knots": [
            0.07672096821054328,
            1.6865076522487874
        ],
        "pid": "Pop1",
        "spline_class": "Piecewise",
        "y": [
            3.61340130126457,
            5.135238149141379
        ]
    },
    "rho": 8.8912304378509e-05,
    "theta": 0.0001
}