{
    "alpha": 100,
    "hidden_states": {
        "Pop1": [
            0.0,
            0.09026101963624113,
            0.23644186331581105,
            0.581692651409807,
            1.4657308264838047,
            4.050097528071683,
            5009.209272069134,
            Infinity
        ]
    },
    "model": {
        "N0": 0.0625,
        "class": "SMCModel",
        "knots": [
            0.09026101963624113,
            0.581692651409807,
            4.050097528071683
        ],
        "pid": "Pop1",
        "spline_class": "Piecewise",
        "y": [
            9.210340371976184,
            9.210340371976184,
            9.210340371976184
        ]
    },
    "rho": 0.0001,
    "theta": 0.0001
}