{
    "alpha": 100,
    "hidden_states": {
        "Pop1": [
            0.0,
            0.07849328166221944,
            0.20619791241200647,
            0.5094708618099041,
            1.2612657674596692,
            3.4386696548676183,
            5008.516992974275,
            Infinity
        ]
    },
    "model": {
        "N0": 0.0625,
        "class": "SMCModel",
        "knots": [
            0.07849328166221944,
            0.5094708618099041,
            3.4386696548676183
        ],
        "pid": "Pop1",
        "spline_class": "Piecewise",
        "y": [
            9.126131509740091,
            9.126131509740091,
            9.126131509740091
        ]
    },
    "rho": 0.0001,
    "theta": 0.0001
}