{
    "alpha": 100,
    "hidden_states": {
        "Pop1": [
            0.0,
            0.07766630424343603,
            0.20379557096966752,
            0.5041000273846362,
            1.2505921868636256,
            3.3999474065463575,
            5008.450772674976,
            Infinity
        ]
    },
    "model": {
        "N0": 0.0625,
        "class": "SMCModel",
        "knots": [
            0.07766630424343603,
            0.5041000273846362,
            3.3999474065463575
        ],
        "pid": "Pop1",
        "spline_class": "Piecewise",
        "y": [
            9.210334757196987,
            9.21033393816534,
            9.21033393816534
        ]
    },
    "rho": 0.009996002840327433,
    "theta": 0.0001
}