{
    "alpha": 100,
    "hidden_states": {
        "Pop1": [
            0.0,
            0.08341231958051186,
            0.37451939812200674,
            1.7465026488858846,
            5008.369989803664,
            Infinity
        ]
    },
    "model": {
        "N0": 0.0625,
        "class": "SMCModel",
        "knots": [
            0.08341231958051186,
            1.7465026488858846
        ],
        "pid": "Pop1",
        "spline_class": "Piecewise",
        "y": [
            4.197889774088962,
            5.438057712848049
        ]
    },
    "rho": 0.009996513180040675,
    "theta": 0.0001
}