{
    "alpha": 100,
    "hidden_states": {
        "Pop1": [
            0.0,
            0.08341231958051186,
            0.37451939812200674,
            1.7465026488858846,
            5008.369989803664,
            Infinity
        ]
    },
    "model": {
        "N0": 0.0625,
        "class": "SMCModel",
        "knots": [
            0.08341231958051186,
            1.7465026488858846
        ],
        "pid": "Pop1",
        "spline_class": "Piecewise",
        "y": [
            6.596699064020698,
            6.596699064020698
        ]
    },
    "rho": 0.0001,
    "theta": 0.0001
}