{
    "alpha": 100,
    "hidden_states": {
        "Pop1": [
            0.0,
            0.07696753715141363,
            0.3747761095171573,
            1.7014428996738038,
            5008.375595038458,
            Infinity
        ]
    },
    "model": {
        "N0": 0.0625,
        "class": "SMCModel",
        "knots": [
            0.07696753715141363,
            1.7014428996738038
        ],
        "pid": "Pop1",
        "spline_class": "Piecewise",
        "y": [
            2.8634256016848263,
            5.4985693782017275
        ]
    },
    "rho": 0.009996002840327433,
    "theta": 0.0001
}