{
    "alpha": 100,
    "hidden_states": {
        "Pop1": [
            0.0,
            0.0734198452489298,
            0.3536263324047922,
            1.6049358197447268,
            5007.730956563748,
            Infinity
        ]
    },
    "model": {
        "N0": 0.0625,
        "class": "SMCModel",
        "knots": [
            0.0734198452489298,
            1.6049358197447268
        ],
        "pid": "Pop1",
        "spline_class": "Piecewise",
        "y": [
            6.374541738802997,
            6.374541738802997
        ]
    },
    "rho": 0.0001,
    "theta": 0.0001
}