{
    "alpha": 100,
    "hidden_states": {
        "Pop1": [
            0.0,
            0.07869711453511678,
            0.36808490267829064,
            1.7655499880796601,
            5008.579719051818,
            Infinity
        ]
    },
    "model": {
        "N0": 0.0625,
        "class": "SMCModel",
        "knots": [
            0.07869711453511678,
            1.7655499880796601
        ],
        "pid": "Pop1",
        "spline_class": "Piecewise",
        "y": [
            3.8525005566864814,
            5.48775728344602
        ]
    },
    "rho": 0.009996002840327433,
    "theta": 0.0001
}