{
    "alpha": 100,
    "hidden_states": {
        "Pop1": [
            0.0,
            0.08025867435118142,
            0.14955180227366122,
            0.29278926584585474,
            0.5662841393544467,
            1.1233914436356844,
            2.16927371177857,
            4.693750427324203,
            5008.396635842171,
            Infinity
        ]
    },
    "model": {
        "N0": 0.0625,
        "class": "SMCModel",
        "knots": [
            0.08025867435118142,
            0.29278926584585474,
            1.1233914436356844,
            4.693750427324203
        ],
        "pid": "Pop1",
        "spline_class": "Piecewise",
        "y": [
            9.095081710116112,
            9.095081710116112,
            9.095081710116112,
            9.095081710116112
        ]
    },
    "rho": 0.0001,
    "theta": 0.0001
}