{
    "alpha": 1,
    "hidden_states": {
        "Pop1": [
            0.0,
            Infinity
        ]
    },
    "model": {
        "N0": 0.0625,
        "class": "SMCModel",
        "knots": [
            133.53139262452257,
            470.00362924573557,
            980.8292530117262,
            2079.441541679836
        ],
        "pid": "Pop1",
        "spline_class": "Piecewise",
        "y": [
            9.210340371976184,
            9.210340371976184,
            9.210340371976184,
            9.210340371976184
        ]
    },
    "rho": 0.0001,
    "theta": 0.0001
}