{
    "alpha": 100,
    "hidden_states": {
        "Pop1": [
            0.0,
            0.07751022036852342,
            0.18963299970093012,
            0.47750848054009415,
            1.1931738307789141,
            3.1688885002225287,
            5007.631558912194,
            Infinity
        ]
    },
    "model": {
        "N0": 0.0625,
        "class": "SMCModel",
        "knots": [
            0.07751022036852342,
            0.47750848054009415,
            3.1688885002225287
        ],
        "pid": "Pop1",
        "spline_class": "Piecewise",
        "y": [
            6.518462633470334,
            4.097335030104087,
            5.33134688676651
        ]
    },
    "rho": 0.009996002840327433,
    "theta": 0.0001
}