{
    "alpha": 100,
    "hidden_states": {
        "Pop1": [
            0.0,
            0.07071687916386214,
            0.1370209500115168,
            0.2774071874949882,
            0.5379092724299168,
            1.0588302381918262,
            2.05148662193968,
            4.365548211038573,
            5007.881317458278,
            Infinity
        ]
    },
    "model": {
        "N0": 0.0625,
        "class": "SMCModel",
        "knots": [
            0.07071687916386214,
            0.2774071874949882,
            1.0588302381918262,
            4.365548211038573
        ],
        "pid": "Pop1",
        "spline_class": "Piecewise",
        "y": [
            6.445636403401094,
            6.445636403401094,
            6.445636403401094,
            6.445636403401094
        ]
    },
    "rho": 0.0001,
    "theta": 0.0001
}