{
    "alpha": 100,
    "hidden_states": {
        "Pop1": [
            0.0,
            0.07691847040121162,
            0.20207128328679594,
            0.5013421509428141,
            1.2420479830479116,
            3.379547624071644,
            5008.322919354724,
            Infinity
        ]
    },
    "model": {
        "N0": 0.0625,
        "class": "SMCModel",
        "knots": [
            0.07691847040121162,
            0.5013421509428141,
            3.379547624071644
        ],
        "pid": "Pop1",
        "spline_class": "Piecewise",
        "y": [
            9.137304378513484,
            9.137304378513484,
            9.137304378513484
        ]
    },
    "rho": 0.0001,
    "theta": 0.0001
}