{
    "alpha": 100,
    "hidden_states": {
        "Pop1": [
            0.0,
            0.07741650389162427,
            0.374843340483115,
            1.701888523476601,
            5008.374736482279,
            Infinity
        ]
    },
    "model": {
        "N0": 0.0625,
        "class": "SMCModel",
        "knots": [
            0.07741650389162427,
            1.701888523476601
        ],
        "pid": "Pop1",
        "spline_class": "Piecewise",
        "y": [
            2.742672150938232,
            5.490871189172535
        ]
    },
    "rho": 0.009996002840327433,
    "theta": 0.0001
}