{
    "alpha": 100,
    "hidden_states": {
        "Pop1": [
            0.0,
            0.07394412982192983,
            0.14419720434039282,
            0.28512061003385164,
            0.5443683863371435,
            1.0463897098513713,
            2.051350317550183,
            4.418212263866353,
            5007.773364594594,
            Infinity
        ]
    },
    "model": {
        "N0": 0.0625,
        "class": "SMCModel",
        "knots": [
            0.07394412982192983,
            0.28512061003385164,
            1.0463897098513713,
            4.418212263866353
        ],
        "pid": "Pop1",
        "spline_class": "Piecewise",
        "y": [
            6.507258815262318,
            6.507258815262318,
            6.507258815262318,
            6.507258815262318
        ]
    },
    "rho": 0.0001,
    "theta": 0.0001
}