{
    "alpha": 100,
    "hidden_states": {
        "Pop1": [
            0.0,
            0.07662429221044084,
            0.1533332580320226,
            0.3027103356460699,
            0.5717206679699561,
            1.099012903742982,
            2.166762951589508,
            4.728302085990374,
            5008.357540482344,
            Infinity
        ]
    },
    "model": {
        "N0": 0.0625,
        "class": "SMCModel",
        "knots": [
            0.07662429221044084,
            0.3027103356460699,
            1.099012903742982,
            4.728302085990374
        ],
        "pid": "Pop1",
        "spline_class": "Piecewise",
        "y": [
            9.142080840982437,
            9.142080840982437,
            9.142080840982437,
            9.142080840982437
        ]
    },
    "rho": 0.0001,
    "theta": 0.0001
}