{
    "alpha": 100,
    "hidden_states": {
        "Pop1": [
            0.0,
            0.07665424694984428,
            0.1467825392332323,
            0.2804298688880723,
            0.5404552785334447,
            1.0452551889795199,
            2.0732748527652687,
            4.386361762573079,
            5007.891095832276,
            Infinity
        ]
    },
    "model": {
        "N0": 0.0625,
        "class": "SMCModel",
        "knots": [
            0.07665424694984428,
            0.2804298688880723,
            1.0452551889795199,
            4.386361762573079
        ],
        "pid": "Pop1",
        "spline_class": "Piecewise",
        "y": [
            6.441584392950735,
            6.441584392950735,
            6.441584392950735,
            6.441584392950735
        ]
    },
    "rho": 0.0001,
    "theta": 0.0001
}