{
    "alpha": 1,
    "hidden_states": {
        "Pop1": [
            0.0,
            Infinity
        ]
    },
    "model": {
        "N0": 0.0625,
        "class": "SMCModel",
        "knots": [
            128.1582901228481,
            451.0913897606168,
            941.3621583496348,
            1995.7679400638958
        ],
        "pid": "Pop1",
        "spline_class": "Piecewise",
        "y": [
            6.866861224767515,
            6.866724835253755,
            6.866782693331329,
            6.866908908852839
        ]
    },
    "rho": 0.0001,
    "theta": 0.0001
}