{
    "alpha": 1,
    "hidden_states": {
        "Pop1": [
            0.0,
            Infinity
        ]
    },
    "model": {
        "N0": 0.0625,
        "class": "SMCModel",
        "knots": [
            128.1582901228481,
            451.0913897606168,
            941.3621583496348,
            1995.7679400638958
        ],
        "pid": "Pop1",
        "spline_class": "Piecewise",
        "y": [
            6.497556079861709,
            6.907756285178608,
            4.955732203477223,
            3.0145191909013014
        ]
    },
    "rho": 0.0001,
    "theta": 0.0001
}