{
    "alpha": 100,
    "hidden_states": {
        "Pop1": [
            0.0,
            0.09013072338981896,
            0.18109870706546924,
            0.34925172356258966,
            0.6515242118227519,
            1.2635208055521538,
            2.5365776283548644,
            5.867964633765933,
            5009.3653932759935,
            Infinity
        ]
    },
    "model": {
        "N0": 0.0625,
        "class": "SMCModel",
        "knots": [
            0.09013072338981896,
            0.34925172356258966,
            1.2635208055521538,
            5.867964633765933
        ],
        "pid": "Pop1",
        "spline_class": "Piecewise",
        "y": [
            9.210340371976184,
            9.210340371976184,
            9.210340371976184,
            9.210340371976184
        ]
    },
    "rho": 0.0001,
    "theta": 0.0001
}