{
    "alpha": 100,
    "hidden_states": {
        "Pop1": [
            0.0,
            0.08999868716771257,
            0.428649720530131,
            1.9656230430315618,
            5009.319110007041,
            Infinity
        ]
    },
    "model": {
        "N0": 0.0625,
        "class": "SMCModel",
        "knots": [
            0.08999868716771257,
            1.9656230430315618
        ],
        "pid": "Pop1",
        "spline_class": "Piecewise",
        "y": [
            9.21033390884337,
            9.21033390884337
        ]
    },
    "rho": 0.0001,
    "theta": 0.0001
}