{
    "alpha": 100,
    "hidden_states": {
        "Pop1": [
            0.0,
            0.08605466437448704,
            0.4196783302207565,
            2.0031571455288377,
            5009.301464643958,
            Infinity
        ]
    },
    "model": {
        "N0": 0.0625,
        "class": "SMCModel",
        "knots": [
            0.08605466437448704,
            2.0031571455288377
        ],
        "pid": "Pop1",
        "spline_class": "Piecewise",
        "y": [
            9.210333892179008,
            9.210333892179008
        ]
    },
    "rho": 0.0001,
    "theta": 0.0001
}