{
    "alpha": 100,
    "hidden_states": {
        "Pop1": [
            0.0,
            0.09654920332359984,
            0.43002817939035515,
            2.012325266207817,
            5009.214769417304,
            Infinity
        ]
    },
    "model": {
        "N0": 0.0625,
        "class": "SMCModel",
        "knots": [
            0.09654920332359984,
            2.012325266207817
        ],
        "pid": "Pop1",
        "spline_class": "Piecewise",
        "y": [
            9.210334411028716,
            9.210334411028716
        ]
    },
    "rho": 0.009996002840327433,
    "theta": 0.0001
}