{
    "alpha": 100,
    "hidden_states": {
        "Pop1": [
            0.0,
            0.08100839201051505,
            0.1510728899915403,
            0.29637835979228155,
            0.5732004705489948,
            1.1346339856073246,
            2.194690694504499,
            4.756658012683464,
            5008.496222306796,
            Infinity
        ]
    },
    "model": {
        "N0": 0.0625,
        "class": "SMCModel",
        "knots": [
            0.08100839201051505,
            0.29637835979228155,
            1.1346339856073246,
            4.756658012683464
        ],
        "pid": "Pop1",
        "spline_class": "Piecewise",
        "y": [
            9.143053287675937,
            9.143053287675937,
            9.143053287675937,
            9.143053287675937
        ]
    },
    "rho": 0.0001,
    "theta": 0.0001
}