{
    "alpha": 100,
    "hidden_states": {
        "Pop1": [
            0.0,
            0.07815909498033244,
            0.3539029924107049,
            1.6404142289215091,
            5007.677017438135,
            Infinity
        ]
    },
    "model": {
        "N0": 0.0625,
        "class": "SMCModel",
        "knots": [
            0.07815909498033244,
            1.6404142289215091
        ],
        "pid": "Pop1",
        "spline_class": "Piecewise",
        "y": [
            3.0204977814304157,
            5.408699913722006
        ]
    },
    "rho": 0.009996002840327433,
    "theta": 0.0001
}