{
    "alpha": 100,
    "hidden_states": {
        "Pop1": [
            0.0,
            0.09043029273818658,
            0.40412511394026684,
            1.9489836628949448,
            5009.160819733288,
            Infinity
        ]
    },
    "model": {
        "N0": 0.0625,
        "class": "SMCModel",
        "knots": [
            0.09043029273818658,
            1.9489836628949448
        ],
        "pid": "Pop1",
        "spline_class": "Piecewise",
        "y": [
            9.210333874384041,
            9.210333874384041
        ]
    },
    "rho": 0.0001,
    "theta": 0.0001
}