{
    "alpha": 100,
    "hidden_states": {
        "Pop1": [
            0.0,
            0.07668741997970369,
            0.20115864806160125,
            0.4974017312710064,
            1.2299561529645668,
            3.347726189742481,
            5008.276979518654,
            Infinity
        ]
    },
    "model": {
        "N0": 0.0625,
        "class": "SMCModel",
        "knots": [
            0.07668741997970369,
            0.4974017312710064,
            3.347726189742481
        ],
        "pid": "Pop1",
        "spline_class": "Piecewise",
        "y": [
            9.210333043632549,
            9.210333723867482,
            9.210333723867482
        ]
    },
    "rho": 0.009996002840327433,
    "theta": 0.0001
}