{
    "alpha": 100,
    "hidden_states": {
        "Pop1": [
            0.0,
            0.082810996199397,
            0.1566747915333929,
            0.2963284684522612,
            0.5720239286308535,
            1.099943789448199,
            2.1695357262107264,
            4.699571929997497,
            5008.392177825536,
            Infinity
        ]
    },
    "model": {
        "N0": 0.0625,
        "class": "SMCModel",
        "knots": [
            0.082810996199397,
            0.2963284684522612,
            1.099943789448199,
            4.699571929997497
        ],
        "pid": "Pop1",
        "spline_class": "Piecewise",
        "y": [
            9.14283881500053,
            9.14283881500053,
            9.14283881500053,
            9.14283881500053
        ]
    },
    "rho": 0.0001,
    "theta": 0.0001
}