{
    "alpha": 100,
    "hidden_states": {
        "Pop1": [
            0.0,
            0.08186400420674156,
            0.1544234086136462,
            0.3001179307798234,
            0.5692059750113878,
            1.0992573260446614,
            2.1919167795282815,
            4.713727445785056,
            5008.541797588121,
            Infinity
        ]
    },
    "model": {
        "N0": 0.0625,
        "class": "SMCModel",
        "knots": [
            0.08186400420674156,
            0.3001179307798234,
            1.0992573260446614,
            4.713727445785056
        ],
        "pid": "Pop1",
        "spline_class": "Piecewise",
        "y": [
            9.152189834107263,
            9.152189834107263,
            9.152189834107263,
            9.152189834107263
        ]
    },
    "rho": 0.0001,
    "theta": 0.0001
}