{
    "alpha": 100,
    "hidden_states": {
        "Pop1": [
            0.0,
            0.08265778167241362,
            0.20236070809435783,
            0.5021520135478372,
            1.262288563995328,
            3.380979895600486,
            5008.327379805598,
            Infinity
        ]
    },
    "model": {
        "N0": 0.0625,
        "class": "SMCModel",
        "knots": [
            0.08265778167241362,
            0.5021520135478372,
            3.380979895600486
        ],
        "pid": "Pop1",
        "spline_class": "Piecewise",
        "y": [
            9.147717624540995,
            9.147717624540995,
            9.147717624540995
        ]
    },
    "rho": 0.0001,
    "theta": 0.0001
}