{
    "alpha": 100,
    "hidden_states": {
        "Pop1": [
            0.0,
            0.07694099284392732,
            0.20304317640158887,
            0.5023409824643097,
            1.244496057816174,
            3.385819093965729,
            5008.368735181471,
            Infinity
        ]
    },
    "model": {
        "N0": 0.0625,
        "class": "SMCModel",
        "knots": [
            0.07694099284392732,
            0.5023409824643097,
            3.385819093965729
        ],
        "pid": "Pop1",
        "spline_class": "Piecewise",
        "y": [
            9.143025917126746,
            9.143025917126746,
            9.143025917126746
        ]
    },
    "rho": 0.0001,
    "theta": 0.0001
}