{
    "alpha": 100,
    "hidden_states": {
        "Pop1": [
            0.0,
            0.07679483408996313,
            0.20526957900575288,
            0.5053361124665966,
            1.2663659608805782,
            3.4314473010492352,
            5008.419818055129,
            Infinity
        ]
    },
    "model": {
        "N0": 0.0625,
        "class": "SMCModel",
        "knots": [
            0.07679483408996313,
            0.5053361124665966,
            3.4314473010492352
        ],
        "pid": "Pop1",
        "spline_class": "Piecewise",
        "y": [
            9.210336342540343,
            9.210334037523213,
            9.210334037523213
        ]
    },
    "rho": 0.009996002840327433,
    "theta": 0.0001
}