{
    "alpha": 100,
    "hidden_states": {
        "Pop1": [
            0.0,
            0.07403396364136643,
            0.35776929735474716,
            1.625094046035929,
            5007.860852158128,
            Infinity
        ]
    },
    "model": {
        "N0": 0.0625,
        "class": "SMCModel",
        "knots": [
            0.07403396364136643,
            1.625094046035929
        ],
        "pid": "Pop1",
        "spline_class": "Piecewise",
        "y": [
            6.389196380095498,
            6.389196380095498
        ]
    },
    "rho": 0.0001,
    "theta": 0.0001
}