{
    "alpha": 100,
    "hidden_states": {
        "Pop1": [
            0.0,
            0.07273713325404021,
            0.1897488157240186,
            0.47304973723066684,
            1.180842486634537,
            3.162450588565538,
            5007.599073469655,
            Infinity
        ]
    },
    "model": {
        "N0": 0.0625,
        "class": "SMCModel",
        "knots": [
            0.07273713325404021,
            0.47304973723066684,
            3.162450588565538
        ],
        "pid": "Pop1",
        "spline_class": "Piecewise",
        "y": [
            6.278775310867702,
            5.315796974814504,
            6.66379076329274
        ]
    },
    "rho": 0.009996002840327433,
    "theta": 0.0001
}