{
    "alpha": 100,
    "hidden_states": {
        "Pop1": [
            0.0,
            0.07339026914161592,
            0.143129026599122,
            0.28390783384696605,
            0.5418924624499452,
            1.0410245342405517,
            2.0374482276611374,
            4.381323261909252,
            5007.708460115763,
            Infinity
        ]
    },
    "model": {
        "N0": 0.0625,
        "class": "SMCModel",
        "knots": [
            0.07339026914161592,
            0.28390783384696605,
            1.0410245342405517,
            4.381323261909252
        ],
        "pid": "Pop1",
        "spline_class": "Piecewise",
        "y": [
            6.443205778087035,
            6.443205778087035,
            6.443205778087035,
            6.443205778087035
        ]
    },
    "rho": 0.0001,
    "theta": 0.0001
}