{
    "alpha": 100,
    "hidden_states": {
        "Pop1": [
            0.0,
            0.08258221363543566,
            0.20093362396709236,
            0.5010466961571481,
            1.2604337694098728,
            3.3748417192807243,
            5008.325883192386,
            Infinity
        ]
    },
    "model": {
        "N0": 0.0625,
        "class": "SMCModel",
        "knots": [
            0.08258221363543566,
            0.5010466961571481,
            3.3748417192807243
        ],
        "pid": "Pop1",
        "spline_class": "Piecewise",
        "y": [
            9.210333850440257,
            9.210334411029342,
            9.210334411029342
        ]
    },
    "rho": 0.009996002840327433,
    "theta": 0.0001
}