{
    "alpha": 100,
    "hidden_states": {
        "Pop1": [
            0.0,
            0.07087068134062967,
            0.343541061716887,
            1.6354685164870393,
            5007.8991612122345,
            Infinity
        ]
    },
    "model": {
        "N0": 0.0625,
        "class": "SMCModel",
        "knots": [
            0.07087068134062967,
            1.6354685164870393
        ],
        "pid": "Pop1",
        "spline_class": "Piecewise",
        "y": [
            2.7988578011109135,
            5.445442424523582
        ]
    },
    "rho": 0.009996002840327433,
    "theta": 0.0001
}