{
    "alpha": 100,
    "hidden_states": {
        "Pop1": [
            0.0,
            0.07569151875802603,
            0.3450481052233007,
            1.6158801878187248,
            5007.90533558696,
            Infinity
        ]
    },
    "model": {
        "N0": 0.0625,
        "class": "SMCModel",
        "knots": [
            0.07569151875802603,
            1.6158801878187248
        ],
        "pid": "Pop1",
        "spline_class": "Piecewise",
        "y": [
            6.365474380773897,
            6.365474380773897
        ]
    },
    "rho": 0.0001,
    "theta": 0.0001
}