{
    "alpha": 100,
    "hidden_states": {
        "Pop1": [
            0.0,
            0.07569151875802603,
            0.3450481052233007,
            1.6158801878187248,
            5007.90533558696,
            Infinity
        ]
    },
    "model": {
        "N0": 0.0625,
        "class": "SMCModel",
        "knots": [
            0.07569151875802603,
            1.6158801878187248
        ],
        "pid": "Pop1",
        "spline_class": "Piecewise",
        "y": [
            2.9239972623543182,
            5.4383947380699
        ]
    },
    "rho": 0.009996002840327433,
    "theta": 0.0001
}