{
    "alpha": 100,
    "hidden_states": {
        "Pop1": [
            0.0,
            0.08223042159336236,
            0.15276747193950396,
            0.29923587387346473,
            0.5772206126713703,
            1.1436846530175215,
            2.210460169842213,
            4.803268839734752,
            5008.547185123504,
            Infinity
        ]
    },
    "model": {
        "N0": 0.0625,
        "class": "SMCModel",
        "knots": [
            0.08223042159336236,
            0.29923587387346473,
            1.1436846530175215,
            4.803268839734752
        ],
        "pid": "Pop1",
        "spline_class": "Piecewise",
        "y": [
            9.126158270544316,
            9.126158270544316,
            9.126158270544316,
            9.126158270544316
        ]
    },
    "rho": 0.0001,
    "theta": 0.0001
}