{
    "alpha": 100,
    "hidden_states": {
        "Pop1": [
            0.0,
            0.07303970302810905,
            0.19023562404849007,
            0.47463565158430837,
            1.1829906406509247,
            3.171720398362484,
            5007.666885309732,
            Infinity
        ]
    },
    "model": {
        "N0": 0.0625,
        "class": "SMCModel",
        "knots": [
            0.07303970302810905,
            0.47463565158430837,
            3.171720398362484
        ],
        "pid": "Pop1",
        "spline_class": "Piecewise",
        "y": [
            4.0382430928344135,
            3.4952066263780277,
            5.4268694456729
        ]
    },
    "rho": 0.009996002840327433,
    "theta": 0.0001
}