{
    "alpha": 100,
    "hidden_states": {
        "Pop1": [
            0.0,
            0.07085543071069755,
            0.3435050127990539,
            1.6354383369970262,
            5007.899107679517,
            Infinity
        ]
    },
    "model": {
        "N0": 0.0625,
        "class": "SMCModel",
        "knots": [
            0.07085543071069755,
            1.6354383369970262
        ],
        "pid": "Pop1",
        "spline_class": "Piecewise",
        "y": [
            2.839258166042497,
            5.41692341836849
        ]
    },
    "rho": 0.009996002840327433,
    "theta": 0.0001
}