,Tau,Kappa,Positive hit,Mean SNPs,SFS observed,M0 LL,M0 SFS,M1 LL,M1 SFS,d2 observed inferred,d2 models,Time
61,0.0001,1.9952623150000002,8,100159.41,"[0.2890607888815881, 0.13583417955916613, 0.09365231069430341, 0.06983852019990841, 0.05673695318877805, 0.046064552097644505, 0.03875714314158851, 0.03460565876192183, 0.03208689245963005, 0.03050395237241901, 0.026531668757342253, 0.023544989347510106, 0.021782848495709137, 0.019413416163908966, 0.01866674631145093, 0.01648647034227346, 0.016157935607191923, 0.01492344145112797, 0.015351532166537243]",-138.6130324836,"[0.2818616917981988, 0.1409331892865289, 0.09395603924379033, 0.0704674184729001, 0.05637422420393998, 0.046978745412816214, 0.040267676138661355, 0.03523436311915922, 0.03131955442915895, 0.028187698868468846, 0.025625263860273865, 0.02348989428759141, 0.021683036633914982, 0.020134295522257595, 0.018792047678041327, 0.017617575617144502, 0.016581271873265076, 0.015660108398264868, 0.01483590515562362]",-144.7712898257,"[0.2800816708619709, 0.1402475397312816, 0.09363518316381916, 0.07032895598966564, 0.05634519529030722, 0.04702267002394024, 0.04036370855737791, 0.035369474724409974, 0.03148505951894685, 0.028377517459020625, 0.02583497406819264, 0.02371617977008872, 0.021923346336208144, 0.020386625071863753, 0.019054793526366704, 0.017889434903654387, 0.016861171653796563, 0.015947154580615065, 0.015129344768474155]",0.0005982372185501561,3.566113592786896e-05,0.2451
53,0.00012589250000000001,1.9952623150000002,8,99375.24,"[0.2680109691823066, 0.14240567624601144, 0.09647987114269112, 0.07377692597840825, 0.058770758361962626, 0.04842343490361188, 0.04200095827429073, 0.034660984983637975, 0.03157207955715494, 0.027810343245695413, 0.025781656183417778, 0.02404860693423588, 0.02241750175853527, 0.020399009103605762, 0.018890236816082696, 0.01861498781768322, 0.016412995830487394, 0.015199861356060065, 0.014323142324120988]",-158.4890783333,"[0.2818616917981988, 0.1409331892865289, 0.09395603924379033, 0.0704674184729001, 0.05637422420393998, 0.046978745412816214, 0.040267676138661355, 0.03523436311915922, 0.03131955442915895, 0.028187698868468846, 0.025625263860273865, 0.02348989428759141, 0.021683036633914982, 0.020134295522257595, 0.018792047678041327, 0.017617575617144502, 0.016581271873265076, 0.015660108398264868, 0.01483590515562362]",-152.4574850221,"[0.2790672528945287, 0.13985686660417407, 0.09345241602462458, 0.07025013212199857, 0.056328729491842276, 0.04704776969764308, 0.04041849224397218, 0.03544651649329102, 0.03157940874879665, 0.028485708686597864, 0.025954487004610338, 0.02384512417739272, 0.022060268185097372, 0.02053038188262367, 0.019204471365420774, 0.01804429120507557, 0.017020594841818268, 0.016110635003978805, 0.015296453326513595]",0.0005865965176642857,4.7342623399661606e-05,0.23750000000000002
38,0.00015848930000000001,1.9952623150000002,10,99956.64,"[0.2849192546583851, 0.14206211180124223, 0.09213416149068324, 0.06951552795031056, 0.05412173913043478, 0.04635031055900621, 0.04177888198757764, 0.03394782608695652, 0.03235776397515528, 0.027965217391304347, 0.02582857142857143, 0.023006211180124223, 0.02262857142857143, 0.019895652173913043, 0.018315527950310558, 0.01769937888198758, 0.016954037267080745, 0.01616894409937888, 0.014350310559006211]",-117.2173856296,"[0.2818616917981988, 0.1409331892865289, 0.09395603924379033, 0.0704674184729001, 0.05637422420393998, 0.046978745412816214, 0.040267676138661355, 0.03523436311915922, 0.03131955442915895, 0.028187698868468846, 0.025625263860273865, 0.02348989428759141, 0.021683036633914982, 0.020134295522257595, 0.018792047678041327, 0.017617575617144502, 0.016581271873265076, 0.015660108398264868, 0.01483590515562362]",-120.295389967,"[0.28019919037155944, 0.1402928035529264, 0.09365636208018269, 0.07033809311372838, 0.05634710782449549, 0.047019766584593684, 0.04035736546906603, 0.035360552263579884, 0.03147413113804041, 0.02836498456640691, 0.02582112864557584, 0.0237012407828061, 0.02190748221914674, 0.020369968166752538, 0.01903744967859637, 0.017871490191322875, 0.016842696890687212, 0.015928208773566883, 0.015109977686966172]",0.0006216866629645997,4.9590800986561676e-05,0.2152
35,0.00019952620000000001,1.9952623150000002,8,100360.7,"[0.28722781026898747, 0.1424869180129281, 0.09399171887877193, 0.06987320153707142, 0.05361877054145029, 0.046221366087120574, 0.03907219668159387, 0.035090506498793576, 0.02975841765050491, 0.02885484207286195, 0.024575269831498048, 0.023691553057759333, 0.021924119510281895, 0.01943183962029967, 0.017714053082582837, 0.018111229160667652, 0.01705871255374289, 0.01595654893705752, 0.015340926016026055]",-124.8452797379,"[0.2818616917981988, 0.1409331892865289, 0.09395603924379033, 0.0704674184729001, 0.05637422420393998, 0.046978745412816214, 0.040267676138661355, 0.03523436311915922, 0.03131955442915895, 0.028187698868468846, 0.025625263860273865, 0.02348989428759141, 0.021683036633914982, 0.020134295522257595, 0.018792047678041327, 0.017617575617144502, 0.016581271873265076, 0.015660108398264868, 0.01483590515562362]",-128.6868394677,"[0.28073448552393976, 0.14049898674545386, 0.09375284158188808, 0.07037972260601559, 0.05635582881444691, 0.04700654980290132, 0.04032847995034528, 0.03531991613771604, 0.031424356463903194, 0.028307899833119907, 0.025758063643166608, 0.02363319282591024, 0.02183521852255055, 0.02029409146408132, 0.01895844228567334, 0.017789743837481383, 0.016758534301836915, 0.015841898841282266, 0.01502174681828739]",0.0005676640065583964,4.459529088268635e-05,0.24710000000000001
9,0.0002511886,1.9952623150000002,9,101054.66,"[0.2776699801984139, 0.14025294287391663, 0.09614217339821089, 0.06942495795894404, 0.06002169218981661, 0.047155636486661295, 0.04202115486034409, 0.035941371384220426, 0.03167258724141019, 0.025990825596783982, 0.025990825596783982, 0.023921112072997203, 0.02218971710598326, 0.018945839179278983, 0.019831437754360828, 0.017264196941202226, 0.0162193896335214, 0.014458143029145148, 0.014886016498004915]",-140.1729190641,"[0.2818616917981988, 0.1409331892865289, 0.09395603924379033, 0.0704674184729001, 0.05637422420393998, 0.046978745412816214, 0.040267676138661355, 0.03523436311915922, 0.03131955442915895, 0.028187698868468846, 0.025625263860273865, 0.02348989428759141, 0.021683036633914982, 0.020134295522257595, 0.018792047678041327, 0.017617575617144502, 0.016581271873265076, 0.015660108398264868, 0.01483590515562362]",-146.1755155623,"[0.27926451657043955, 0.13993283038959267, 0.09348794919121135, 0.07026545261743919, 0.05633192446891825, 0.04704288277646521, 0.04040783399356844, 0.03543153111008691, 0.03156105896555977, 0.028464668435841674, 0.02593124644699811, 0.023820050884712066, 0.022033644926335347, 0.020502430861311247, 0.019175370294247943, 0.018014184470404822, 0.016989601428731457, 0.016078853992418138, 0.015263968175717756]",0.000632006751425467,4.77974372323245e-05,0.2967
17,0.00031622780000000004,1.9952623150000002,6,100836.14,"[0.27586070321705464, 0.13903933936015367, 0.09409563039022506, 0.07055934569722654, 0.055429584228609906, 0.04910241303852742, 0.04149792559880388, 0.035596526491935086, 0.031526937510520534, 0.029051518422068857, 0.02637806580654105, 0.02348677631122949, 0.023169922667907676, 0.019912271147505274, 0.018516134781618527, 0.019189448773677384, 0.016248650896596793, 0.015575336904537938, 0.015763468755260267]",-128.7848066497,"[0.2818616917981988, 0.1409331892865289, 0.09395603924379033, 0.0704674184729001, 0.05637422420393998, 0.046978745412816214, 0.040267676138661355, 0.03523436311915922, 0.03131955442915895, 0.028187698868468846, 0.025625263860273865, 0.02348989428759141, 0.021683036633914982, 0.020134295522257595, 0.018792047678041327, 0.017617575617144502, 0.016581271873265076, 0.015660108398264868, 0.01483590515562362]",-128.7848066525,"[0.2818616917981988, 0.1409331892865289, 0.09395603924379033, 0.0704674184729001, 0.05637422420393998, 0.046978745412816214, 0.040267676138661355, 0.03523436311915922, 0.03131955442915895, 0.028187698868468846, 0.025625263860273865, 0.02348989428759141, 0.021683036633914982, 0.020134295522257595, 0.018792047678041327, 0.017617575617144502, 0.016581271873265076, 0.015660108398264868, 0.01483590515562362]",0.0005981265298882076,6.123347567576623e-05,0.1092
50,0.0003981072,1.9952623150000002,8,100674.68,"[0.2791794810546117, 0.1397191285220905, 0.09634429150119933, 0.07064584515242901, 0.0554178734585411, 0.04603226737531476, 0.042170533377126194, 0.035312969653538764, 0.03284464482995431, 0.02853502931135728, 0.025449623281876724, 0.024066167029948345, 0.02232440556169319, 0.019597304748539407, 0.01919918784150966, 0.018174036805908057, 0.015655947368944892, 0.014551172951937336, 0.014780090173479442]",-120.617995779,"[0.2818616917981988, 0.1409331892865289, 0.09395603924379033, 0.0704674184729001, 0.05637422420393998, 0.046978745412816214, 0.040267676138661355, 0.03523436311915922, 0.03131955442915895, 0.028187698868468846, 0.025625263860273865, 0.02348989428759141, 0.021683036633914982, 0.020134295522257595, 0.018792047678041327, 0.017617575617144502, 0.016581271873265076, 0.015660108398264868, 0.01483590515562362]",-121.4421613617,"[0.28041383539984505, 0.1403754781878291, 0.09369504694875729, 0.07035478399198558, 0.05635060307589643, 0.047014465350938915, 0.04034578159031598, 0.035344256844506684, 0.03145417160063095, 0.028342094134154595, 0.025795840551621752, 0.023673954924061845, 0.021878506230189897, 0.02033954376052393, 0.01900577025341663, 0.017838712832658005, 0.016808950986059275, 0.015893602173947526, 0.015074601162660479]",0.0005756712579654933,4.6222747209929285e-05,0.0731
12,0.0005011872,1.9952623150000002,3,99901.17,"[0.2781263738459694, 0.13890332121018345, 0.09436073698093601, 0.07223931897206347, 0.05829103553015467, 0.047230326525718395, 0.042304464250029976, 0.035100515566923784, 0.02980496383038248, 0.027596818672315254, 0.02567843011870029, 0.023020662643379562, 0.02167179569161904, 0.019203868750249792, 0.02080252587826226, 0.018154750009991606, 0.01649614323967867, 0.014837536469365732, 0.016176411814076176]",-136.1741444843,"[0.2818616917981988, 0.1409331892865289, 0.09395603924379033, 0.0704674184729001, 0.05637422420393998, 0.046978745412816214, 0.040267676138661355, 0.03523436311915922, 0.03131955442915895, 0.028187698868468846, 0.025625263860273865, 0.02348989428759141, 0.021683036633914982, 0.020134295522257595, 0.018792047678041327, 0.017617575617144502, 0.016581271873265076, 0.015660108398264868, 0.01483590515562362]",-133.7112884439,"[0.28013234423453137, 0.1402670570014891, 0.09364431521200878, 0.07033289572368434, 0.05634601986538277, 0.04702141799020018, 0.04036097338817891, 0.035365627396608756, 0.03148034725724167, 0.028372113359889758, 0.02582900404796346, 0.02370973824504533, 0.021916505906291087, 0.020379442801878065, 0.01904731509612826, 0.01788169740528926, 0.016853205605791444, 0.015938985438362446, 0.015120994024035033]",0.0005772100804089191,3.447415680733215e-05,0.2866
41,0.0006309573,1.9952623150000002,8,99505.11,"[0.28486557548144953, 0.14159984746153922, 0.09148293475970175, 0.07023793992794565, 0.0549238813009925, 0.048511244693769, 0.04227924573745321, 0.03567593605427158, 0.03018655855168746, 0.02835007576745913, 0.025500015053137575, 0.023523036318203256, 0.021766836934378357, 0.020100956376007305, 0.01767238351380373, 0.016859514084719057, 0.015263881501701005, 0.01644806165765151, 0.014752074824129177]",-124.1642743439,"[0.2818616917981988, 0.1409331892865289, 0.09395603924379033, 0.0704674184729001, 0.05637422420393998, 0.046978745412816214, 0.040267676138661355, 0.03523436311915922, 0.03131955442915895, 0.028187698868468846, 0.025625263860273865, 0.02348989428759141, 0.021683036633914982, 0.020134295522257595, 0.018792047678041327, 0.017617575617144502, 0.016581271873265076, 0.015660108398264868, 0.01483590515562362]",-124.1642743431,"[0.2818616917981988, 0.1409331892865289, 0.09395603924379033, 0.0704674184729001, 0.05637422420393998, 0.046978745412816214, 0.040267676138661355, 0.03523436311915922, 0.03131955442915895, 0.028187698868468846, 0.025625263860273865, 0.02348989428759141, 0.021683036633914982, 0.020134295522257595, 0.018792047678041327, 0.017617575617144502, 0.016581271873265076, 0.015660108398264868, 0.01483590515562362]",0.0006257732748070607,4.5404260440178925e-05,0.264
6,0.0007943282,1.9952623150000002,11,100522.34,"[0.2779788793490292, 0.1390293275894736, 0.09425514304803502, 0.06974401930575085, 0.05606246447482574, 0.050518044295529564, 0.041742703004557194, 0.03615839491030205, 0.03111257366799294, 0.0274827734067271, 0.02502966663675073, 0.023144962654939618, 0.022865747250226862, 0.021379922418005404, 0.01923594698896102, 0.01795953371027413, 0.01697230781503974, 0.015606146727695176, 0.013721442745884065]",-131.1521034946,"[0.2818616917981988, 0.1409331892865289, 0.09395603924379033, 0.0704674184729001, 0.05637422420393998, 0.046978745412816214, 0.040267676138661355, 0.03523436311915922, 0.03131955442915895, 0.028187698868468846, 0.025625263860273865, 0.02348989428759141, 0.021683036633914982, 0.020134295522257595, 0.018792047678041327, 0.017617575617144502, 0.016581271873265076, 0.015660108398264868, 0.01483590515562362]",-131.1521034964,"[0.2818616917981988, 0.1409331892865289, 0.09395603924379033, 0.0704674184729001, 0.05637422420393998, 0.046978745412816214, 0.040267676138661355, 0.03523436311915922, 0.03131955442915895, 0.028187698868468846, 0.025625263860273865, 0.02348989428759141, 0.021683036633914982, 0.020134295522257595, 0.018792047678041327, 0.017617575617144502, 0.016581271873265076, 0.015660108398264868, 0.01483590515562362]",0.0006218527192630438,4.332821367283881e-05,0.11220000000000001
39,0.001,1.9952623150000002,13,100023.93,"[0.2854258863308637, 0.13753667147332305, 0.09225796827606782, 0.07389985580030829, 0.05538262642335041, 0.04786435284172841, 0.03905325443786982, 0.036417880761772166, 0.031007906121028293, 0.028253194769031872, 0.024613395654119637, 0.023618915021629952, 0.020744865993734773, 0.01965093729799612, 0.018109492317637112, 0.018755904728755407, 0.01639898562975486, 0.015603401123763115, 0.015404504997265178]",-127.9197372913,"[0.2818616917981988, 0.1409331892865289, 0.09395603924379033, 0.0704674184729001, 0.05637422420393998, 0.046978745412816214, 0.040267676138661355, 0.03523436311915922, 0.03131955442915895, 0.028187698868468846, 0.025625263860273865, 0.02348989428759141, 0.021683036633914982, 0.020134295522257595, 0.018792047678041327, 0.017617575617144502, 0.016581271873265076, 0.015660108398264868, 0.01483590515562362]",-131.5969876423,"[0.2801640782587974, 0.14027927968852358, 0.0936500342071754, 0.07033536306199446, 0.056346536323721684, 0.04702063397130272, 0.04035926057882944, 0.03536321802764524, 0.031477396242503335, 0.02836872907193357, 0.025825265351529084, 0.023705704239733175, 0.021912222102833796, 0.02037494490875678, 0.019042631674533548, 0.01787685173988125, 0.016848216826088277, 0.015933869457657564, 0.015115764266559705]",0.0005928555436475738,7.242759764558724e-05,0.0976
55,0.0012589254,1.9952623150000002,10,99765.96,"[0.2846967300365098, 0.14032888650132808, 0.09162264601426567, 0.0683140836243173, 0.056366331413336516, 0.04904447826822256, 0.03960366490584057, 0.036211338924204896, 0.030948756976154235, 0.027805135245371614, 0.025298196396772814, 0.023616955661006158, 0.021488047273704004, 0.020423593080052923, 0.01874235234428627, 0.016583599446881748, 0.016285154345858078, 0.01619562081555098, 0.01642442872633579]",-123.0169932177,"[0.2818616917981988, 0.1409331892865289, 0.09395603924379033, 0.0704674184729001, 0.05637422420393998, 0.046978745412816214, 0.040267676138661355, 0.03523436311915922, 0.03131955442915895, 0.028187698868468846, 0.025625263860273865, 0.02348989428759141, 0.021683036633914982, 0.020134295522257595, 0.018792047678041327, 0.017617575617144502, 0.016581271873265076, 0.015660108398264868, 0.01483590515562362]",-122.7698560268,"[0.2814132887233991, 0.14076046068401027, 0.0938752039883628, 0.07043252992424398, 0.05636690367698995, 0.046989803532550486, 0.040291861876532574, 0.03526839456414245, 0.03136124364025845, 0.028235514314927705, 0.025678091624629484, 0.02354689900203825, 0.02174357568610348, 0.02019786400241755, 0.01885824165829043, 0.017686066906071468, 0.01665179019554139, 0.01573242855257399, 0.014909837446915894]",0.0005932374798603479,4.6260042871265085e-05,0.0825
21,0.0015848932,1.9952623150000002,8,99164.61,"[0.2856237998049526, 0.14329951841388255, 0.09293908287503896, 0.06943285442827986, 0.05347717241587324, 0.04622824567929783, 0.04008525783457165, 0.03441480751636287, 0.03082553311281582, 0.02698490896112122, 0.0249741109759408, 0.022370127585132158, 0.02198807596794788, 0.021686456270170816, 0.019816414143953028, 0.017192322773292582, 0.01684043312588601, 0.017162160803514875, 0.014658717311965254]",-132.9821974656,"[0.2818616917981988, 0.1409331892865289, 0.09395603924379033, 0.0704674184729001, 0.05637422420393998, 0.046978745412816214, 0.040267676138661355, 0.03523436311915922, 0.03131955442915895, 0.028187698868468846, 0.025625263860273865, 0.02348989428759141, 0.021683036633914982, 0.020134295522257595, 0.018792047678041327, 0.017617575617144502, 0.016581271873265076, 0.015660108398264868, 0.01483590515562362]",-133.4377310858,"[0.2811342984017812, 0.14065299264154696, 0.09382491095388094, 0.07041082428090996, 0.056362350348826154, 0.04699668497889211, 0.040306910930413054, 0.03528956924585603, 0.03138718265790568, 0.02826526468815783, 0.02571096037387052, 0.023582366322252715, 0.02178124174884796, 0.02023741465673058, 0.01889942558336165, 0.017728679903738186, 0.016695664130679314, 0.015777423232926274, 0.014955834919423042]",0.0006392204921179277,5.7545857945415746e-05,0.1279
0,0.0019952623,1.9952623150000002,8,99995.02,"[0.28175027748057635, 0.1420000599958003, 0.09355345125841191, 0.07124501284910056, 0.05587608867379283, 0.0472266941314108, 0.037477376583639144, 0.034657573969822116, 0.031577789554731166, 0.030577859549831513, 0.025998180127391083, 0.024318297719159658, 0.020468567200295978, 0.019938604297699163, 0.019498635095543313, 0.01626886117971742, 0.016948813583049185, 0.015868889177757556, 0.014748967572269941]",-129.1256774329,"[0.2818616917981988, 0.1409331892865289, 0.09395603924379033, 0.0704674184729001, 0.05637422420393998, 0.046978745412816214, 0.040267676138661355, 0.03523436311915922, 0.03131955442915895, 0.028187698868468846, 0.025625263860273865, 0.02348989428759141, 0.021683036633914982, 0.020134295522257595, 0.018792047678041327, 0.017617575617144502, 0.016581271873265076, 0.015660108398264868, 0.01483590515562362]",-135.2065283199,"[0.27923852740668703, 0.13992282209376616, 0.09348326753715983, 0.07026343394237483, 0.05633150331720044, 0.04704352642001627, 0.040409238044135196, 0.0354335052796915, 0.03156347644197705, 0.028467440403131265, 0.025934308332003976, 0.02382335428543045, 0.02203715258901538, 0.020506113487275948, 0.019179204466850168, 0.01801815119148142, 0.01699368500191645, 0.016083041388498902, 0.015268248371387738]",0.0006230645433456931,3.891689770123122e-05,0.12660000000000002
29,0.0025118864,1.9952623150000002,15,100295.7,"[0.28244939131122737, 0.14184277929963707, 0.09516510250299152, 0.06920558945400963, 0.05625055627527962, 0.04817096688060602, 0.03898377159584252, 0.035176376348658514, 0.030281153887993354, 0.02787804468003046, 0.025435378118850067, 0.02350695714949713, 0.020965397205272997, 0.020530266319880537, 0.018394169246135742, 0.01744479276891583, 0.017207448649610855, 0.016851432470653387, 0.014260425834907386]",-112.0601170384,"[0.2818616917981988, 0.1409331892865289, 0.09395603924379033, 0.0704674184729001, 0.05637422420393998, 0.046978745412816214, 0.040267676138661355, 0.03523436311915922, 0.03131955442915895, 0.028187698868468846, 0.025625263860273865, 0.02348989428759141, 0.021683036633914982, 0.020134295522257595, 0.018792047678041327, 0.017617575617144502, 0.016581271873265076, 0.015660108398264868, 0.01483590515562362]",-118.4891867546,"[0.2794326246934586, 0.1399975694452208, 0.09351823379986211, 0.07027851188544976, 0.05633465012772799, 0.0470387206376792, 0.040398753136697434, 0.03541876216475018, 0.03154542237019992, 0.028446738525330414, 0.02591144087132067, 0.023798682902290036, 0.02201095553310825, 0.020478609333585113, 0.01915056815345747, 0.017988524782414615, 0.016963185486160465, 0.016051766308009287, 0.015236279843277753]",0.0006166412048338895,5.433991192715121e-05,0.13
33,0.0031622777,1.9952623150000002,14,99948.86,"[0.27758458122535057, 0.14570174282440967, 0.09324465442600346, 0.06891202741475977, 0.05507284580211491, 0.047286405158516925, 0.040716595865481126, 0.03575882311194022, 0.03181490981720114, 0.029452617278192896, 0.026978800198716454, 0.0237750043089027, 0.021889225715531313, 0.019780398041223526, 0.017174779232102845, 0.016901037178226355, 0.01629272150294526, 0.016201474151653097, 0.015461356746727769]",-128.4551177589,"[0.2818616917981988, 0.1409331892865289, 0.09395603924379033, 0.0704674184729001, 0.05637422420393998, 0.046978745412816214, 0.040267676138661355, 0.03523436311915922, 0.03131955442915895, 0.028187698868468846, 0.025625263860273865, 0.02348989428759141, 0.021683036633914982, 0.020134295522257595, 0.018792047678041327, 0.017617575617144502, 0.016581271873265076, 0.015660108398264868, 0.01483590515562362]",-128.4551177617,"[0.2818616917981988, 0.1409331892865289, 0.09395603924379033, 0.0704674184729001, 0.05637422420393998, 0.046978745412816214, 0.040267676138661355, 0.03523436311915922, 0.03131955442915895, 0.028187698868468846, 0.025625263860273865, 0.02348989428759141, 0.021683036633914982, 0.020134295522257595, 0.018792047678041327, 0.017617575617144502, 0.016581271873265076, 0.015660108398264868, 0.01483590515562362]",0.0006563369445249861,7.42452766228802e-05,0.08020000000000001
30,0.0039810717,1.9952623150000002,10,100011.66,"[0.27992587648072687, 0.14413238619947596, 0.09418867623763362, 0.06899265738794297, 0.05631992667350782, 0.0449025136241818, 0.03886503342532354, 0.035836330487282436, 0.033096549868988676, 0.027278252119593914, 0.02707899534735437, 0.024438843115180377, 0.020872146892092495, 0.01954708935669951, 0.019427535293355783, 0.017086268219541113, 0.017484781764020206, 0.015870801908879878, 0.014655335598218645]",-128.1187808009,"[0.2818616917981988, 0.1409331892865289, 0.09395603924379033, 0.0704674184729001, 0.05637422420393998, 0.046978745412816214, 0.040267676138661355, 0.03523436311915922, 0.03131955442915895, 0.028187698868468846, 0.025625263860273865, 0.02348989428759141, 0.021683036633914982, 0.020134295522257595, 0.018792047678041327, 0.017617575617144502, 0.016581271873265076, 0.015660108398264868, 0.01483590515562362]",-127.7358133663,"[0.2811736573788866, 0.1406681537578255, 0.09383200601336063, 0.07041388631814795, 0.05636299259142489, 0.04699571406913396, 0.040304787790808955, 0.03528658195302491, 0.03138352323485547, 0.028261067598778968, 0.02570632336156048, 0.023577362715640954, 0.021775927982683994, 0.020231835050527745, 0.018893615592736435, 0.017722668336379584, 0.01668947465436834, 0.015771075673852372, 0.014949345926002186]",0.0006228838171712683,4.875412034105231e-05,0.2667
25,0.0050118723,1.9952623150000002,13,100459.21,"[0.27953197943546004, 0.1406326944668781, 0.09305257352216992, 0.07001595524651841, 0.05679870782201036, 0.04796422873126244, 0.041700317135146846, 0.034500758366655504, 0.03150668741505309, 0.028423976205015068, 0.025784466287155042, 0.02206157543285993, 0.021943388421612465, 0.021007741249236708, 0.020190281088108417, 0.01801367029763429, 0.016634821833080543, 0.015009750428427915, 0.015226426615714933]",-115.7607463724,"[0.2818616917981988, 0.1409331892865289, 0.09395603924379033, 0.0704674184729001, 0.05637422420393998, 0.046978745412816214, 0.040267676138661355, 0.03523436311915922, 0.03131955442915895, 0.028187698868468846, 0.025625263860273865, 0.02348989428759141, 0.021683036633914982, 0.020134295522257595, 0.018792047678041327, 0.017617575617144502, 0.016581271873265076, 0.015660108398264868, 0.01483590515562362]",-113.5835296625,"[0.280448547140604, 0.14038884828525672, 0.09370130321200089, 0.07035748344298084, 0.056351168536867904, 0.047013608261344195, 0.04034390844307378, 0.035341621715244007, 0.03145094390113777, 0.028338392405078523, 0.02579175102472401, 0.023669542301184215, 0.021873820260437216, 0.020334623476459084, 0.019000646981939446, 0.017833411953344893, 0.01680349345081905, 0.015888005391352884, 0.015068879816150542]",0.0006004042329586025,5.8771740918783395e-05,0.0854
19,0.0063095734,1.9952623150000002,15,99564.46,"[0.28088998417182587, 0.13940814650077138, 0.09561018613131374, 0.07034521448177757, 0.055218288553625455, 0.04703372002163852, 0.040752539520346215, 0.035623409669211195, 0.030073530884975257, 0.02890144457133698, 0.026186612169661998, 0.024784115725992265, 0.023451744104506022, 0.019494700567009277, 0.018603113542104945, 0.017721544348941114, 0.015818156318246478, 0.01434553505239326, 0.015738013664322495]",-125.0831314909,"[0.2818616917981988, 0.1409331892865289, 0.09395603924379033, 0.0704674184729001, 0.05637422420393998, 0.046978745412816214, 0.040267676138661355, 0.03523436311915922, 0.03131955442915895, 0.028187698868468846, 0.025625263860273865, 0.02348989428759141, 0.021683036633914982, 0.020134295522257595, 0.018792047678041327, 0.017617575617144502, 0.016581271873265076, 0.015660108398264868, 0.01483590515562362]",-125.0831314912,"[0.2818616917981988, 0.1409331892865289, 0.09395603924379033, 0.0704674184729001, 0.05637422420393998, 0.046978745412816214, 0.040267676138661355, 0.03523436311915922, 0.03131955442915895, 0.028187698868468846, 0.025625263860273865, 0.02348989428759141, 0.021683036633914982, 0.020134295522257595, 0.018792047678041327, 0.017617575617144502, 0.016581271873265076, 0.015660108398264868, 0.01483590515562362]",0.0006652224653914436,7.165805141583773e-05,0.0838
47,0.0079432823,1.9952623150000002,20,100274.16,"[0.2799001422277036, 0.14040758680365614, 0.09412888018061924, 0.07026844235799608, 0.0561152939538307, 0.048526501099032254, 0.03966462110738689, 0.03476124643187492, 0.03140944670439513, 0.02787861909829625, 0.02550152670996489, 0.023402922132818794, 0.020956207791691116, 0.021075559710770516, 0.018439871497767126, 0.018728305302209005, 0.0172861362799996, 0.016142347055488695, 0.01540634355449907]",-110.1986928488,"[0.2818616917981988, 0.1409331892865289, 0.09395603924379033, 0.0704674184729001, 0.05637422420393998, 0.046978745412816214, 0.040267676138661355, 0.03523436311915922, 0.03131955442915895, 0.028187698868468846, 0.025625263860273865, 0.02348989428759141, 0.021683036633914982, 0.020134295522257595, 0.018792047678041327, 0.017617575617144502, 0.016581271873265076, 0.015660108398264868, 0.01483590515562362]",-108.9546381929,"[0.2783801048706781, 0.1395922850850717, 0.09332867610190124, 0.07019680053068508, 0.05631763287052153, 0.04706482135892895, 0.040455642622269805, 0.03549873465448467, 0.0316433407176826, 0.028559006680296838, 0.026035443572224953, 0.02393245868195852, 0.022152995570299518, 0.02062772812596917, 0.019305817271021868, 0.018149133676178354, 0.017128519563528496, 0.016221296741560132, 0.015409561304738254]",0.000626070960956967,7.865026462641347e-05,0.1278
7,0.01,1.9952623150000002,25,100018.51,"[0.2743063546221346, 0.14288144242218065, 0.09878630819567154, 0.0718909778573787, 0.05586184124951222, 0.04630639464494762, 0.04050308675945289, 0.037211210389922256, 0.0314979538336852, 0.02904655653722622, 0.02489418968812223, 0.023863602253284374, 0.0209419369040353, 0.018520556717328877, 0.01744994646948761, 0.01819036851005073, 0.018050288664538786, 0.015658925587584922, 0.014138058693455269]",-150.9639645405,"[0.2818616917981988, 0.1409331892865289, 0.09395603924379033, 0.0704674184729001, 0.05637422420393998, 0.046978745412816214, 0.040267676138661355, 0.03523436311915922, 0.03131955442915895, 0.028187698868468846, 0.025625263860273865, 0.02348989428759141, 0.021683036633914982, 0.020134295522257595, 0.018792047678041327, 0.017617575617144502, 0.016581271873265076, 0.015660108398264868, 0.01483590515562362]",-151.2231677425,"[0.28115770476573915, 0.14066200878105992, 0.09382913029838551, 0.07041264525131746, 0.056362732286908857, 0.046996107597913166, 0.040305648308150525, 0.03528779272661594, 0.03138500642440844, 0.02826276871608576, 0.025708202778828727, 0.023579390740125116, 0.021778081724087097, 0.02023409651759383, 0.01889597044304139, 0.017725104893870965, 0.01669198333157545, 0.015773648429692637, 0.01495197598459982]",0.0006234734345898266,9.08775923537808e-05,0.0931
24,0.0125892541,1.9952623150000002,40,100050.73,"[0.27146379509887786, 0.14049212499371005, 0.09446988376188799, 0.073617470940472, 0.05772656367936396, 0.04734061289186333, 0.04183565641825592, 0.036582297589694564, 0.0315000251597645, 0.028189000150958588, 0.02641775272983445, 0.023841392844562975, 0.022945705228199064, 0.020067428168872338, 0.019161676646706587, 0.016786594877471948, 0.01674633925426458, 0.015186433854979118, 0.015629245710260153]",-139.1652180694,"[0.2818616917981988, 0.1409331892865289, 0.09395603924379033, 0.0704674184729001, 0.05637422420393998, 0.046978745412816214, 0.040267676138661355, 0.03523436311915922, 0.03131955442915895, 0.028187698868468846, 0.025625263860273865, 0.02348989428759141, 0.021683036633914982, 0.020134295522257595, 0.018792047678041327, 0.017617575617144502, 0.016581271873265076, 0.015660108398264868, 0.01483590515562362]",-139.1652180724,"[0.2818616917981988, 0.1409331892865289, 0.09395603924379033, 0.0704674184729001, 0.05637422420393998, 0.046978745412816214, 0.040267676138661355, 0.03523436311915922, 0.03131955442915895, 0.028187698868468846, 0.025625263860273865, 0.02348989428759141, 0.021683036633914982, 0.020134295522257595, 0.018792047678041327, 0.017617575617144502, 0.016581271873265076, 0.015660108398264868, 0.01483590515562362]",0.0006776838446497718,0.0001378928312982175,0.2192
64,0.015848931900000002,1.9952623150000002,47,99729.88,"[0.2795084252878142, 0.14288132892482971, 0.0934549655419671, 0.06943393219933873, 0.05567063697566028, 0.0467075648328885, 0.04109070629008485, 0.03466717125443174, 0.031550013942556666, 0.02668007807831733, 0.026919093335457913, 0.023413536230729396, 0.02102338365932359, 0.019878102218858305, 0.01940007170457714, 0.018573477273632632, 0.0171593036688842, 0.01643229892841493, 0.0155559096522328]",-117.069095604,"[0.2818616917981988, 0.1409331892865289, 0.09395603924379033, 0.0704674184729001, 0.05637422420393998, 0.046978745412816214, 0.040267676138661355, 0.03523436311915922, 0.03131955442915895, 0.028187698868468846, 0.025625263860273865, 0.02348989428759141, 0.021683036633914982, 0.020134295522257595, 0.018792047678041327, 0.017617575617144502, 0.016581271873265076, 0.015660108398264868, 0.01483590515562362]",-117.0690956041,"[0.2818616917981988, 0.1409331892865289, 0.09395603924379033, 0.0704674184729001, 0.05637422420393998, 0.046978745412816214, 0.040267676138661355, 0.03523436311915922, 0.03131955442915895, 0.028187698868468846, 0.025625263860273865, 0.02348989428759141, 0.021683036633914982, 0.020134295522257595, 0.018792047678041327, 0.017617575617144502, 0.016581271873265076, 0.015660108398264868, 0.01483590515562362]",0.0008078386890262476,0.00020389634516377236,0.2089
34,0.0199526231,1.9952623150000002,46,100453.89,"[0.2728120381300031, 0.14155912431928422, 0.09651533036413955, 0.0720839574261256, 0.058792020870324264, 0.0490016168549691, 0.03917153541705931, 0.03406306726315059, 0.031771696110620654, 0.02853798617241824, 0.025988711773283206, 0.022953388947853946, 0.02203088887345878, 0.021614275936635157, 0.018985646692390862, 0.01747790463531489, 0.016892662652634085, 0.015880888377491, 0.013867259182843483]",-139.4620717936,"[0.2818616917981988, 0.1409331892865289, 0.09395603924379033, 0.0704674184729001, 0.05637422420393998, 0.046978745412816214, 0.040267676138661355, 0.03523436311915922, 0.03131955442915895, 0.028187698868468846, 0.025625263860273865, 0.02348989428759141, 0.021683036633914982, 0.020134295522257595, 0.018792047678041327, 0.017617575617144502, 0.016581271873265076, 0.015660108398264868, 0.01483590515562362]",-139.4620717997,"[0.2818616917981988, 0.1409331892865289, 0.09395603924379033, 0.0704674184729001, 0.05637422420393998, 0.046978745412816214, 0.040267676138661355, 0.03523436311915922, 0.03131955442915895, 0.028187698868468846, 0.025625263860273865, 0.02348989428759141, 0.021683036633914982, 0.020134295522257595, 0.018792047678041327, 0.017617575617144502, 0.016581271873265076, 0.015660108398264868, 0.01483590515562362]",0.0007728961544854916,0.00015006129537662913,0.095
62,0.0251188643,1.9952623150000002,61,99848.08,"[0.27421656656954274, 0.1439317357435928, 0.09416067074983647, 0.06940397613525996, 0.05703553943430259, 0.04737269826167965, 0.03949376622861787, 0.035856573705179286, 0.031297694792967436, 0.028512814413985847, 0.025381062813422926, 0.023716080949832512, 0.021803333927969713, 0.020098709639055717, 0.01958335810984916, 0.01782918078928069, 0.017452577748706666, 0.016629997423242355, 0.016223662563675644]",-125.6379918966,"[0.2818616917981988, 0.1409331892865289, 0.09395603924379033, 0.0704674184729001, 0.05637422420393998, 0.046978745412816214, 0.040267676138661355, 0.03523436311915922, 0.03131955442915895, 0.028187698868468846, 0.025625263860273865, 0.02348989428759141, 0.021683036633914982, 0.020134295522257595, 0.018792047678041327, 0.017617575617144502, 0.016581271873265076, 0.015660108398264868, 0.01483590515562362]",-125.6379918982,"[0.2818616917981988, 0.1409331892865289, 0.09395603924379033, 0.0704674184729001, 0.05637422420393998, 0.046978745412816214, 0.040267676138661355, 0.03523436311915922, 0.03131955442915895, 0.028187698868468846, 0.025625263860273865, 0.02348989428759141, 0.021683036633914982, 0.020134295522257595, 0.018792047678041327, 0.017617575617144502, 0.016581271873265076, 0.015660108398264868, 0.01483590515562362]",0.0009800901860205918,0.0002501959126898314,0.2078
23,0.0316227766,1.9952623150000002,66,99631.66,"[0.27059429541047186, 0.14215012928248222, 0.09649725274725275, 0.07165077569489334, 0.05708629605688429, 0.04797592113768585, 0.041228991596638655, 0.0362697963800905, 0.03134090174531351, 0.028573448610213315, 0.025543390433096315, 0.02500808015513898, 0.02119020685197156, 0.019725678733031674, 0.019028765352294762, 0.01838235294117647, 0.016281512605042018, 0.01601890756302521, 0.015453296703296704]",-136.4226564362,"[0.2818616917981988, 0.1409331892865289, 0.09395603924379033, 0.0704674184729001, 0.05637422420393998, 0.046978745412816214, 0.040267676138661355, 0.03523436311915922, 0.03131955442915895, 0.028187698868468846, 0.025625263860273865, 0.02348989428759141, 0.021683036633914982, 0.020134295522257595, 0.018792047678041327, 0.017617575617144502, 0.016581271873265076, 0.015660108398264868, 0.01483590515562362]",-127.709888874,"[0.27885982776475676, 0.1397769937908116, 0.09341505719749298, 0.07023402711467729, 0.056325374213255876, 0.04705291210023822, 0.04042970255781103, 0.03546227615714838, 0.031598705369789204, 0.028507833589635878, 0.02597892478956823, 0.023871488294112533, 0.022088261287282154, 0.02055977034100912, 0.019235068276564838, 0.018075944682083806, 0.017053179879937822, 0.016144047358372587, 0.015330605235451343]",0.0011072014093580756,0.0003425699928204344,0.2414
31,0.039810717100000004,1.9952623150000002,75,98903.64,"[0.26476686044148134, 0.14277003130208546, 0.0951359811374446, 0.07189316638887759, 0.05682141550469531, 0.048294646123826175, 0.04034716858408879, 0.03684092849302817, 0.0331822431806171, 0.02796861661043132, 0.026840521972437904, 0.025255091670393106, 0.020763039147932844, 0.02113907069393065, 0.01872027318183666, 0.0185576649457295, 0.0177649497947071, 0.01706370177649498, 0.01587462904996138]",-191.1181698562,"[0.2818616917981988, 0.1409331892865289, 0.09395603924379033, 0.0704674184729001, 0.05637422420393998, 0.046978745412816214, 0.040267676138661355, 0.03523436311915922, 0.03131955442915895, 0.028187698868468846, 0.025625263860273865, 0.02348989428759141, 0.021683036633914982, 0.020134295522257595, 0.018792047678041327, 0.017617575617144502, 0.016581271873265076, 0.015660108398264868, 0.01483590515562362]",-191.1181698664,"[0.2818616917981988, 0.1409331892865289, 0.09395603924379033, 0.0704674184729001, 0.05637422420393998, 0.046978745412816214, 0.040267676138661355, 0.03523436311915922, 0.03131955442915895, 0.028187698868468846, 0.025625263860273865, 0.02348989428759141, 0.021683036633914982, 0.020134295522257595, 0.018792047678041327, 0.017617575617144502, 0.016581271873265076, 0.015660108398264868, 0.01483590515562362]",0.001473394933219526,0.000641032540383552,0.085
45,0.0501187234,1.9952623150000002,77,101837.37,"[0.26717625012328633, 0.13869217871584968, 0.09816549955616925, 0.07368576782720189, 0.05744156228424894, 0.04802248742479535, 0.04303185718512674, 0.03507249235624815, 0.03181773350429037, 0.027389288884505376, 0.02614656277739422, 0.02357234441266397, 0.021816747213729164, 0.02060360982345399, 0.019686359601538615, 0.01892691586941513, 0.018009665647499753, 0.015948318374593155, 0.01479435841798994]",-181.1172114736,"[0.2818616917981988, 0.1409331892865289, 0.09395603924379033, 0.0704674184729001, 0.05637422420393998, 0.046978745412816214, 0.040267676138661355, 0.03523436311915922, 0.03131955442915895, 0.028187698868468846, 0.025625263860273865, 0.02348989428759141, 0.021683036633914982, 0.020134295522257595, 0.018792047678041327, 0.017617575617144502, 0.016581271873265076, 0.015660108398264868, 0.01483590515562362]",-155.9908765716,"[0.276327882029334, 0.13880247360228914, 0.09295957066661184, 0.07003796862259822, 0.056284901376699066, 0.04711610371670515, 0.04056688934526834, 0.0356549148111318, 0.03183443371275312, 0.02877799804966322, 0.026277231934094356, 0.02419321797916627, 0.022429782681289225, 0.020918230598233698, 0.01960818516955795, 0.01846186387865436, 0.017450374254893288, 0.01655124435833558, 0.01574673321272138]",0.0018691422135074412,0.0009029494635345714,0.0811
48,0.0630957344,1.9952623150000002,71,100788.46,"[0.2625884269930848, 0.14169183689690804, 0.09667355536125904, 0.07107940545266672, 0.058113425005961374, 0.04706501867896034, 0.04166004292186631, 0.03726850011922741, 0.0323106271361577, 0.029687624195215007, 0.025802797869803672, 0.023636833320085843, 0.022047134567999366, 0.020904538589937207, 0.020030204276289643, 0.018649153485414512, 0.01754629997615452, 0.016493124552897226, 0.016751450600111278]",-209.9384212308,"[0.2818616917981988, 0.1409331892865289, 0.09395603924379033, 0.0704674184729001, 0.05637422420393998, 0.046978745412816214, 0.040267676138661355, 0.03523436311915922, 0.03131955442915895, 0.028187698868468846, 0.025625263860273865, 0.02348989428759141, 0.021683036633914982, 0.020134295522257595, 0.018792047678041327, 0.017617575617144502, 0.016581271873265076, 0.015660108398264868, 0.01483590515562362]",-148.4697910477,"[0.2731175609956016, 0.13756875129650897, 0.0923842982273699, 0.0697915991977685, 0.056235616012379405, 0.047197992945171484, 0.04074229062716975, 0.03590028907565429, 0.03213408826106333, 0.029120948008409978, 0.02665548829013979, 0.02460078900654702, 0.022862059344400346, 0.021371591545104766, 0.020079733301158958, 0.018949245307378813, 0.017951650516612825, 0.017064800048135948, 0.016271207993424266]",0.0025097337429833403,0.0011556344409496754,0.08990000000000001
5,0.0794328235,1.9952623150000002,84,100808.68,"[0.2534078476595996, 0.14490868052475434, 0.09691790610800635, 0.07329213361325487, 0.058921513547611305, 0.049311530993425785, 0.041258858432636485, 0.03606453965719467, 0.03315690391003085, 0.02947061316616892, 0.02623771647101728, 0.02522250805760076, 0.02254156933479208, 0.021388371428289817, 0.02070828035522438, 0.018618725174211734, 0.017219117458627795, 0.01666715948628483, 0.014686024621268123]",-314.1043753589,"[0.2818616917981988, 0.1409331892865289, 0.09395603924379033, 0.0704674184729001, 0.05637422420393998, 0.046978745412816214, 0.040267676138661355, 0.03523436311915922, 0.03131955442915895, 0.028187698868468846, 0.025625263860273865, 0.02348989428759141, 0.021683036633914982, 0.020134295522257595, 0.018792047678041327, 0.017617575617144502, 0.016581271873265076, 0.015660108398264868, 0.01483590515562362]",-233.6375760045,"[0.2717668111535328, 0.13705059104721226, 0.09214335554223307, 0.06968902702374491, 0.056215875500083695, 0.04723331469683221, 0.04081680644594351, 0.03600408134004923, 0.03226054523999325, 0.029265441532943925, 0.026814652386619942, 0.0247720992551489, 0.023043573875083535, 0.02156178466816924, 0.020277384378219483, 0.019153362677612334, 0.018161417429060658, 0.017279535984864144, 0.016490339822652876]",0.0028730405128495353,0.0019374987757644164,0.0771
63,0.1,1.9952623150000002,84,98544.98,"[0.24709925621954348, 0.14427289048473968, 0.0981277250577071, 0.0722031290074378, 0.059676840215439855, 0.049982046678635546, 0.04225698897153116, 0.03858425237240318, 0.034449858938189276, 0.030223134136958194, 0.026519620415491153, 0.025606565786099, 0.02267248012310849, 0.02030264170300077, 0.019738394460117978, 0.018835598871505516, 0.01732751987689151, 0.017655809181841498, 0.01446524749935881]",-421.1770057859,"[0.2818616917981988, 0.1409331892865289, 0.09395603924379033, 0.0704674184729001, 0.05637422420393998, 0.046978745412816214, 0.040267676138661355, 0.03523436311915922, 0.03131955442915895, 0.028187698868468846, 0.025625263860273865, 0.02348989428759141, 0.021683036633914982, 0.020134295522257595, 0.018792047678041327, 0.017617575617144502, 0.016581271873265076, 0.015660108398264868, 0.01483590515562362]",-421.1770058062,"[0.2818616917981988, 0.1409331892865289, 0.09395603924379033, 0.0704674184729001, 0.05637422420393998, 0.046978745412816214, 0.040267676138661355, 0.03523436311915922, 0.03131955442915895, 0.028187698868468846, 0.025625263860273865, 0.02348989428759141, 0.021683036633914982, 0.020134295522257595, 0.018792047678041327, 0.017617575617144502, 0.016581271873265076, 0.015660108398264868, 0.01483590515562362]",0.00364223296684695,0.002996764039190134,0.1558
27,0.1258925412,1.9952623150000002,89,99698.98,"[0.2469984775256215, 0.1429286684990855, 0.09705007816730869, 0.07423339838760767, 0.05674026995820859, 0.05001685961560076, 0.04284385952363923, 0.03884864152370053, 0.034199474797429165, 0.0303166542348289, 0.0261068593090623, 0.02589228238323439, 0.021835756690202008, 0.021283987452358814, 0.020027179743938202, 0.01851492331429389, 0.018494487416595994, 0.01751356432709698, 0.016154577130186885]",-434.6015037003,"[0.2818616917981988, 0.1409331892865289, 0.09395603924379033, 0.0704674184729001, 0.05637422420393998, 0.046978745412816214, 0.040267676138661355, 0.03523436311915922, 0.03131955442915895, 0.028187698868468846, 0.025625263860273865, 0.02348989428759141, 0.021683036633914982, 0.020134295522257595, 0.018792047678041327, 0.017617575617144502, 0.016581271873265076, 0.015660108398264868, 0.01483590515562362]",-272.4835490152,"[0.2670454454014847, 0.1352457982049954, 0.0913087227822167, 0.06933793765381392, 0.056153683147218116, 0.04736269665357194, 0.04108215017307342, 0.03637062941584585, 0.0327051263522684, 0.029771836069667417, 0.02737106457104902, 0.02536968248993539, 0.023675523321563856, 0.022222753833183135, 0.02096309634186475, 0.019860342585412347, 0.01888680384001175, 0.018020944481379055, 0.017245762681444888]",0.003966364277843192,0.005083579153886678,0.3452
13,0.1584893192,1.9952623150000002,94,99965.93,"[0.23606272656589217, 0.13600516999384044, 0.09945169791887552, 0.07712580654933204, 0.062322660123393214, 0.049902557733280825, 0.04380358062464027, 0.03685640140155302, 0.034917653711389135, 0.031595528763139556, 0.02806135328627831, 0.025072450597275656, 0.024173760261730938, 0.02106368584209304, 0.02063958478486969, 0.02052851069845405, 0.018195954883725628, 0.016832772914079145, 0.01738814334615734]",-732.9503339512,"[0.2818616917981988, 0.1409331892865289, 0.09395603924379033, 0.0704674184729001, 0.05637422420393998, 0.046978745412816214, 0.040267676138661355, 0.03523436311915922, 0.03131955442915895, 0.028187698868468846, 0.025625263860273865, 0.02348989428759141, 0.021683036633914982, 0.020134295522257595, 0.018792047678041327, 0.017617575617144502, 0.016581271873265076, 0.015660108398264868, 0.01483590515562362]",-398.0155954911,"[0.2599595169511959, 0.1325657861255284, 0.09009004603296099, 0.06884443899300598, 0.05609090702399347, 0.04758342160964961, 0.04150225515836682, 0.0369375435686058, 0.03338380671035283, 0.030537756388401067, 0.028206391051776664, 0.026261042957367118, 0.024612634460381894, 0.023197538587971602, 0.02196909561779672, 0.020892310707146703, 0.0199404231074371, 0.019092618905933122, 0.018332466042128175]",0.004900019452338772,0.007023226701688709,0.14850000000000002
3,0.1995262315,1.9952623150000002,99,100332.61,"[0.23400536419250823, 0.13313041818601895, 0.09777094697083848, 0.07451606746426383, 0.0622607961908206, 0.051100463088529266, 0.0436167113682709, 0.03987985816030297, 0.03476679826015329, 0.03115048870405529, 0.029312198013038804, 0.027835538277632122, 0.022993701594189796, 0.022390983334840128, 0.021637585510653045, 0.01981938542828155, 0.019106168821384443, 0.016856020653145686, 0.017850505781072636]",-853.127694111,"[0.2818616917981988, 0.1409331892865289, 0.09395603924379033, 0.0704674184729001, 0.05637422420393998, 0.046978745412816214, 0.040267676138661355, 0.03523436311915922, 0.03131955442915895, 0.028187698868468846, 0.025625263860273865, 0.02348989428759141, 0.021683036633914982, 0.020134295522257595, 0.018792047678041327, 0.017617575617144502, 0.016581271873265076, 0.015660108398264868, 0.01483590515562362]",-120.260505091,"[0.23137650603774113, 0.1355059405201824, 0.0974119117449694, 0.07586956820038081, 0.061872345687797765, 0.05206652997978741, 0.04484910561689584, 0.03933949763898312, 0.03501054240009526, 0.03152769634637944, 0.028669319440159234, 0.026283481715866856, 0.024263032089602527, 0.02253051630811332, 0.021028713932341438, 0.019714520760937514, 0.01855489218353362, 0.017524091880696945, 0.016601787515536048]",0.0051811893927214145,0.010443815037963362,0.12150000000000001
1,0.2511886432,1.9952623150000002,100,102027.23,"[0.23237451204605497, 0.13255589290643113, 0.0967233153266827, 0.07629825322345334, 0.05950080832774733, 0.05253144592090217, 0.046143685185915384, 0.039834785694570406, 0.03333859074957612, 0.03197823429675486, 0.029070225937463032, 0.02618193288908166, 0.025639761839044203, 0.02251488505973739, 0.0199913252631994, 0.020710934111430938, 0.018443673356728835, 0.01840424273490793, 0.017763495130318205]",-938.109639975,"[0.2818616917981988, 0.1409331892865289, 0.09395603924379033, 0.0704674184729001, 0.05637422420393998, 0.046978745412816214, 0.040267676138661355, 0.03523436311915922, 0.03131955442915895, 0.028187698868468846, 0.025625263860273865, 0.02348989428759141, 0.021683036633914982, 0.020134295522257595, 0.018792047678041327, 0.017617575617144502, 0.016581271873265076, 0.015660108398264868, 0.01483590515562362]",-385.1406588489,"[0.25314038080697504, 0.13003992026299593, 0.08898019802827163, 0.06843132863465934, 0.05608686491716844, 0.04784464888567519, 0.041946611725982595, 0.03751371873561606, 0.034057617086027565, 0.03128529509485709, 0.029010290621306768, 0.027108295620740682, 0.02549325054510112, 0.024103684330829152, 0.02289451815531613, 0.021831942803146872, 0.020890104250947197, 0.020048893688062192, 0.019292435806321017]",0.0050752914807012574,0.015085509389279148,0.1044
28,0.316227766,1.9952623150000002,100,99895.69,"[0.21445709946848898, 0.13216907112123513, 0.09515565679574792, 0.07723614274867122, 0.06274867122247532, 0.053718046064287525, 0.047137433561123765, 0.04227790432801822, 0.03739812705644141, 0.032032396861554034, 0.030189825360668186, 0.026828650974436853, 0.025310048089091368, 0.024287522146292078, 0.023082763857251328, 0.02022779043280182, 0.020055682105796002, 0.019073652239939256, 0.016613515565679575]",-1573.4965955498,"[0.2818616917981988, 0.1409331892865289, 0.09395603924379033, 0.0704674184729001, 0.05637422420393998, 0.046978745412816214, 0.040267676138661355, 0.03523436311915922, 0.03131955442915895, 0.028187698868468846, 0.025625263860273865, 0.02348989428759141, 0.021683036633914982, 0.020134295522257595, 0.018792047678041327, 0.017617575617144502, 0.016581271873265076, 0.015660108398264868, 0.01483590515562362]",-131.3654897579,"[0.21950519612542052, 0.1276617570589468, 0.09366912091213934, 0.07481549358277773, 0.06242232718315109, 0.053510319731721705, 0.046746369642122754, 0.041426778785281025, 0.0371358487848922, 0.03360757628294086, 0.030661550526379686, 0.028170021880406588, 0.02603954168202145, 0.02420002284754009, 0.022597857108170596, 0.021191386209020047, 0.019947810823511682, 0.018841016140774224, 0.017850004692781564]",0.003432824134104258,0.020382769004611737,0.075
58,0.3981071706,1.9952623150000002,100,98924.08,"[0.21867353637430623, 0.12772285106129025, 0.09697825697746126, 0.07373331476655592, 0.06585569635361754, 0.055580974357954206, 0.046082078418110566, 0.040631403051582485, 0.03752809882830373, 0.03409656050448587, 0.03046609242276552, 0.026875410292625673, 0.024100340169886013, 0.024130179633571384, 0.02317531679563946, 0.019664206568660605, 0.020032226620780202, 0.017973303626489488, 0.016700153175913585]",-1530.2916542551,"[0.2818616917981988, 0.1409331892865289, 0.09395603924379033, 0.0704674184729001, 0.05637422420393998, 0.046978745412816214, 0.040267676138661355, 0.03523436311915922, 0.03131955442915895, 0.028187698868468846, 0.025625263860273865, 0.02348989428759141, 0.021683036633914982, 0.020134295522257595, 0.018792047678041327, 0.017617575617144502, 0.016581271873265076, 0.015660108398264868, 0.01483590515562362]",-134.1141699766,"[0.22129178299529112, 0.12929260435046275, 0.09467350575036765, 0.07530002131631877, 0.06253614593079845, 0.05337737453745221, 0.04645857041103145, 0.04104879306602636, 0.03671152527568404, 0.03316562494346296, 0.03022002236069643, 0.027739661931443393, 0.025626219376435375, 0.02380645114189986, 0.0222247816252117, 0.020838389184481238, 0.019613840762798148, 0.01852472599931052, 0.017549959040827783]",0.0009297330205683094,0.026709294686274542,0.0346
10,0.5011872336000001,1.9952623150000002,100,99429.72,"[0.21968037640950758, 0.1258315080717125, 0.08962034558286688, 0.07619453232741137, 0.05985844082096212, 0.05235458749087369, 0.04701062707877018, 0.04226494686460615, 0.03681958302912306, 0.036292285227549285, 0.03014723777074714, 0.029822746815932506, 0.02757159081690598, 0.02457004948487061, 0.022349314512857953, 0.022643384440658717, 0.019104404964711608, 0.019388334550174413, 0.018475703739758254]",-1679.4425209349,"[0.2818616917981988, 0.1409331892865289, 0.09395603924379033, 0.0704674184729001, 0.05637422420393998, 0.046978745412816214, 0.040267676138661355, 0.03523436311915922, 0.03131955442915895, 0.028187698868468846, 0.025625263860273865, 0.02348989428759141, 0.021683036633914982, 0.020134295522257595, 0.018792047678041327, 0.017617575617144502, 0.016581271873265076, 0.015660108398264868, 0.01483590515562362]",-129.5365527402,"[0.2175323405052123, 0.1251974537385313, 0.09190283442366154, 0.07376657145872602, 0.06195057098823891, 0.05346664344109169, 0.04700447984157059, 0.04188771938979999, 0.03772527275004072, 0.03427131705106264, 0.03136124572799212, 0.028879324894367973, 0.0267410299742684, 0.02488275943537663, 0.02325551252807822, 0.021820820384017264, 0.020548021503163233, 0.019412373951710048, 0.018393708013090416]",0.0007444675551616748,0.031258473735593005,0.027600000000000003
22,0.6309573445000001,1.9952623150000002,100,99973.52,"[0.20673918542878827, 0.12610169491525425, 0.09296230710852517, 0.074363774348596, 0.06240323804705287, 0.05472299519352391, 0.04914748292436125, 0.04323804705287124, 0.03636731596256008, 0.03507209714141159, 0.03137869972173033, 0.029911459650898052, 0.02781684796357197, 0.025024032380470528, 0.024234758411333164, 0.02336453326587402, 0.020996711358461928, 0.018244371363521375, 0.01791044776119403]",-2189.131562713,"[0.2818616917981988, 0.1409331892865289, 0.09395603924379033, 0.0704674184729001, 0.05637422420393998, 0.046978745412816214, 0.040267676138661355, 0.03523436311915922, 0.03131955442915895, 0.028187698868468846, 0.025625263860273865, 0.02348989428759141, 0.021683036633914982, 0.020134295522257595, 0.018792047678041327, 0.017617575617144502, 0.016581271873265076, 0.015660108398264868, 0.01483590515562362]",-150.8057225265,"[0.2170804828745916, 0.12425622301122025, 0.09113015407310551, 0.07323813206882061, 0.06164499689171324, 0.05334269070327389, 0.04702056298035693, 0.04200746505515446, 0.03791874214751895, 0.03451473713569976, 0.031636241536191836, 0.029172035575295605, 0.027041260912741494, 0.02518322846676591, 0.023551206574727108, 0.022108460747441185, 0.02082562836113808, 0.019678917460642435, 0.01864883342360135]",0.0007420017596469723,0.034923768921111494,0.015600000000000001
20,0.7943282347,1.9952623150000002,100,98675.39,"[0.2102570362007059, 0.125130959283106, 0.08789275070438295, 0.07218780832646751, 0.061680550893574604, 0.0528007486293776, 0.04698259640128976, 0.042954644858767405, 0.0390385808590929, 0.03538697832433147, 0.0324880738050919, 0.030443583249417677, 0.027270045670460673, 0.026374945327677927, 0.0243914843408298, 0.02340483964480791, 0.0219401299929816, 0.02014992930741611, 0.019224314180220317]",-2228.5648701542,"[0.2818616917981988, 0.1409331892865289, 0.09395603924379033, 0.0704674184729001, 0.05637422420393998, 0.046978745412816214, 0.040267676138661355, 0.03523436311915922, 0.03131955442915895, 0.028187698868468846, 0.025625263860273865, 0.02348989428759141, 0.021683036633914982, 0.020134295522257595, 0.018792047678041327, 0.017617575617144502, 0.016581271873265076, 0.015660108398264868, 0.01483590515562362]",-117.1243059796,"[0.21705585320367018, 0.12242014109979696, 0.08937066423321999, 0.07187695535524785, 0.060717233823345526, 0.05280609928676462, 0.046812435068941685, 0.04206380094361135, 0.03818116499398519, 0.03493274206699617, 0.03216751103583288, 0.02978193491729774, 0.027702008126146985, 0.025872969681458968, 0.024253107151520337, 0.022809863316347375, 0.021517299164006163, 0.020354387057233938, 0.019303829474576047]",0.0007583234951221687,0.03779072884430144,0.0151
15,1.0,1.9952623150000002,100,99612.69,"[0.219378591062905, 0.11855593375078148, 0.08742594595667404, 0.07248117017792817, 0.060850840023419436, 0.05316013535640214, 0.04578698236595846, 0.040835160909388615, 0.0374115568963293, 0.03670698911393159, 0.033462007918944936, 0.02890712605809211, 0.0283216401544095, 0.027200285796508916, 0.024818648222206786, 0.022962955612229708, 0.02142481467882625, 0.019668356967778428, 0.020640858977285133]",-2130.9045619321,"[0.2818616917981988, 0.1409331892865289, 0.09395603924379033, 0.0704674184729001, 0.05637422420393998, 0.046978745412816214, 0.040267676138661355, 0.03523436311915922, 0.03131955442915895, 0.028187698868468846, 0.025625263860273865, 0.02348989428759141, 0.021683036633914982, 0.020134295522257595, 0.018792047678041327, 0.017617575617144502, 0.016581271873265076, 0.015660108398264868, 0.01483590515562362]",-123.0219114389,"[0.21793655259785596, 0.12157768375729566, 0.08832424141616291, 0.07094326220687097, 0.05998072028811441, 0.05227981549294265, 0.04648331600563453, 0.041909121011679415, 0.03817543181220527, 0.035050806380752426, 0.03238599045574804, 0.030079822696443242, 0.02806086680487195, 0.02627690774479282, 0.024688642298079874, 0.02326572939050374, 0.021984228939433893, 0.0208248893623608, 0.01977197133825141]",0.0007056550032512443,0.039286131244550375,0.056600000000000004
11,1.2589254118,1.9952623150000002,100,99778.39,"[0.2188237167683564, 0.12059441220675034, 0.0879972926972499, 0.06943435288496949, 0.05872458171177179, 0.05278245030805522, 0.04462072878201236, 0.042331465427146685, 0.03897719694632175, 0.03189043386517234, 0.03248763300122426, 0.03016850968955598, 0.027301953836506784, 0.02725218724183579, 0.025619842936627217, 0.02465437100000995, 0.023479879365774517, 0.022345201007275876, 0.02051379032338333]",-2222.4684342585,"[0.2818616917981988, 0.1409331892865289, 0.09395603924379033, 0.0704674184729001, 0.05637422420393998, 0.046978745412816214, 0.040267676138661355, 0.03523436311915922, 0.03131955442915895, 0.028187698868468846, 0.025625263860273865, 0.02348989428759141, 0.021683036633914982, 0.020134295522257595, 0.018792047678041327, 0.017617575617144502, 0.016581271873265076, 0.015660108398264868, 0.01483590515562362]",-125.7332792342,"[0.22102556264995157, 0.12103980446644039, 0.08703517423914683, 0.06956375332091533, 0.05873392798944126, 0.051247165463266846, 0.045688721762325586, 0.04135031364883324, 0.0378376742991371, 0.034913574757499545, 0.03242646915054252, 0.030274816473579415, 0.02838786874723821, 0.026714692052632775, 0.02521757873707521, 0.02386792941214293, 0.022643588046541114, 0.02152706484705163, 0.02050431993623858]",0.0006849914319973577,0.03856788364963589,0.054
59,1.5848931925,1.9952623150000002,100,99943.15,"[0.22835939883664852, 0.12102989084967963, 0.08681830260917493, 0.06492918516185546, 0.058787634223398916, 0.049496569983169786, 0.04554983612688602, 0.040707459425410666, 0.03886696258968731, 0.03334547208251725, 0.0328336761709792, 0.031180181687548596, 0.028699939962402686, 0.026072064801236184, 0.025127210810704407, 0.022538704565810065, 0.022548546794878103, 0.02129858370323711, 0.021810379614775156]",-1961.8412608929,"[0.2818616917981988, 0.1409331892865289, 0.09395603924379033, 0.0704674184729001, 0.05637422420393998, 0.046978745412816214, 0.040267676138661355, 0.03523436311915922, 0.03131955442915895, 0.028187698868468846, 0.025625263860273865, 0.02348989428759141, 0.021683036633914982, 0.020134295522257595, 0.018792047678041327, 0.017617575617144502, 0.016581271873265076, 0.015660108398264868, 0.01483590515562362]",-128.7402948523,"[0.22645371638460124, 0.12169866585998296, 0.0864167584871072, 0.0685154873353994, 0.05757568675352175, 0.05012407608621792, 0.04467192207839468, 0.04047470031872795, 0.03711864849848678, 0.03435538767338473, 0.03202675006251418, 0.030027192895715475, 0.028283559744860808, 0.026743515472060293, 0.025368607265270956, 0.024129927673541846, 0.023005308446027013, 0.021977449591280857, 0.021032639372904092]",0.0006743231207688588,0.035488026534596095,0.0258
57,1.9952623150000002,1.9952623150000002,100,98949.43,"[0.2311764705882353, 0.1232657200811359, 0.08377281947261664, 0.07025354969574037, 0.05783975659229209, 0.04935091277890467, 0.04635902636916836, 0.03904665314401623, 0.03766734279918864, 0.035020283975659226, 0.03169371196754564, 0.02828600405679513, 0.02766734279918864, 0.02539553752535497, 0.023955375253549696, 0.024046653144016227, 0.022657200811359027, 0.021166328600405678, 0.021379310344827585]",-1677.5894978908,"[0.2818616917981988, 0.1409331892865289, 0.09395603924379033, 0.0704674184729001, 0.05637422420393998, 0.046978745412816214, 0.040267676138661355, 0.03523436311915922, 0.03131955442915895, 0.028187698868468846, 0.025625263860273865, 0.02348989428759141, 0.021683036633914982, 0.020134295522257595, 0.018792047678041327, 0.017617575617144502, 0.016581271873265076, 0.015660108398264868, 0.01483590515562362]",-125.5871997754,"[0.2306159474115408, 0.12266209699687329, 0.08643565315445631, 0.06814704514682053, 0.057037871414148615, 0.04952192742315945, 0.044062213954428955, 0.0398901848759662, 0.036578829361423884, 0.03387190457080817, 0.03160631423952019, 0.029673297951358684, 0.027997532995163426, 0.026525192556315334, 0.02521678070479835, 0.024042654227771045, 0.02298012495004832, 0.022011528005137615, 0.021122900060260876]",0.0006929306015224762,0.030164821519989022,0.0732
36,2.5118864315,1.9952623150000002,100,99344.52,"[0.23850193203210146, 0.12575052016248886, 0.09018131378182899, 0.06717526998910135, 0.05496879025066878, 0.04803329039928663, 0.044228673337957, 0.03970078272069751, 0.03603487565639552, 0.032210442881204795, 0.03162587932230258, 0.02840582581987516, 0.027662736550084218, 0.026097295155057963, 0.023323095214505103, 0.022926780937283266, 0.021955810958089766, 0.020459724561577332, 0.02075696026949371]",-1314.9817285355,"[0.2818616917981988, 0.1409331892865289, 0.09395603924379033, 0.0704674184729001, 0.05637422420393998, 0.046978745412816214, 0.040267676138661355, 0.03523436311915922, 0.03131955442915895, 0.028187698868468846, 0.025625263860273865, 0.02348989428759141, 0.021683036633914982, 0.020134295522257595, 0.018792047678041327, 0.017617575617144502, 0.016581271873265076, 0.015660108398264868, 0.01483590515562362]",-117.6766612041,"[0.24000856337466397, 0.12545910942795885, 0.08717516125591913, 0.06795913935840996, 0.056371086106922416, 0.04859767012659177, 0.04300460220478628, 0.03877473448600883, 0.0354540932851669, 0.03277029200237033, 0.03054999162195405, 0.028677630824700144, 0.027073203830338937, 0.02567956202510408, 0.024454794929113018, 0.02336746817799136, 0.022393542452410636, 0.0215143192175522, 0.020715035292036745]",0.0006831165098457326,0.022220746208756487,0.13140000000000002
44,3.1622776602,1.9952623150000002,100,99993.46,"[0.2504408472191952, 0.12828158744625626, 0.08671316201382973, 0.06684036377325593, 0.05575478987933665, 0.04905787481920311, 0.04351013453270195, 0.03712032652414258, 0.034098789403816054, 0.030869212022745736, 0.029095916466881974, 0.027877394939668326, 0.028412355610152366, 0.025242218303580272, 0.0235184561431317, 0.021804600661766163, 0.020625705850884666, 0.020536545739137328, 0.02019971865031404]",-949.0212329972,"[0.2818616917981988, 0.1409331892865289, 0.09395603924379033, 0.0704674184729001, 0.05637422420393998, 0.046978745412816214, 0.040267676138661355, 0.03523436311915922, 0.03131955442915895, 0.028187698868468846, 0.025625263860273865, 0.02348989428759141, 0.021683036633914982, 0.020134295522257595, 0.018792047678041327, 0.017617575617144502, 0.016581271873265076, 0.015660108398264868, 0.01483590515562362]",-119.5298070117,"[0.24859785815117072, 0.12840176838143258, 0.08829321650328695, 0.06820731822978898, 0.056130637584109404, 0.04805868697667205, 0.04227525618416273, 0.03792223962636647, 0.034522911692598295, 0.03179123680499548, 0.029545192146161962, 0.02766342908306216, 0.02606193684615246, 0.0246807076124607, 0.02347573553140521, 0.022414016179006815, 0.021470310721212294, 0.020624988841624524, 0.019862552904329953]",0.0006212510330095517,0.014125359986877205,0.19
14,3.9810717055,1.9952623150000002,80,98875.73,"[0.26631675263692395, 0.13309804631333394, 0.08807175248609896, 0.06863543583401205, 0.055775089740882626, 0.04745960403406634, 0.040662423456305996, 0.03623822308024896, 0.03306084281017164, 0.0311805576503474, 0.02628377223412064, 0.02501684212643158, 0.0238806270298533, 0.02202045187173841, 0.021688636843534132, 0.021356821815329854, 0.019929011693965992, 0.019476536655505614, 0.019848571687128592]",-438.0100068842,"[0.2818616917981988, 0.1409331892865289, 0.09395603924379033, 0.0704674184729001, 0.05637422420393998, 0.046978745412816214, 0.040267676138661355, 0.03523436311915922, 0.03131955442915895, 0.028187698868468846, 0.025625263860273865, 0.02348989428759141, 0.021683036633914982, 0.020134295522257595, 0.018792047678041327, 0.017617575617144502, 0.016581271873265076, 0.015660108398264868, 0.01483590515562362]",-125.6899659846,"[0.2621502664493269, 0.13338961785500222, 0.09046120502948998, 0.06899148800605978, 0.056105267082824116, 0.04751079979792659, 0.04136876686079706, 0.036759508278494904, 0.03317210177263118, 0.030299993883464358, 0.027948105174071328, 0.02598638262641471, 0.02432478953371848, 0.022899013922103327, 0.021661893742630167, 0.020578057387775964, 0.01962045596908086, 0.01876805153658261, 0.01800423509160568]",0.0022258457983560928,0.00563096670095226,0.0623
49,5.0118723363,1.9952623150000002,77,99832.83,"[0.2687394457137181, 0.13451872454554484, 0.09439753650541373, 0.06670308930167876, 0.054246548127545445, 0.04907122280719182, 0.04231647958676865, 0.035899473527366645, 0.03268103705175325, 0.026760703287970596, 0.02533028707658687, 0.024416410052647265, 0.024605145524982615, 0.023383331677759016, 0.020631767160027813, 0.020154961756233238, 0.019698023244263434, 0.01957882189331479, 0.01686699115923314]",-332.6879587724,"[0.2818616917981988, 0.1409331892865289, 0.09395603924379033, 0.0704674184729001, 0.05637422420393998, 0.046978745412816214, 0.040267676138661355, 0.03523436311915922, 0.03131955442915895, 0.028187698868468846, 0.025625263860273865, 0.02348989428759141, 0.021683036633914982, 0.020134295522257595, 0.018792047678041327, 0.017617575617144502, 0.016581271873265076, 0.015660108398264868, 0.01483590515562362]",-155.0167032163,"[0.26757988933216276, 0.1354494945618432, 0.09140248856741846, 0.06937697857306593, 0.05616008140296888, 0.047347493195270485, 0.04105165403074348, 0.03632878364585594, 0.03265455955452268, 0.02971438823866491, 0.027308073801518923, 0.02530215229429048, 0.023604225578254576, 0.022148294967791818, 0.020885961474351147, 0.019780925783843144, 0.01880542963767707, 0.01793788326155277, 0.01716124209820317]",0.0013463566581050175,0.002089160184892154,0.1976
60,6.3095734448,1.9952623150000002,67,98782.04,"[0.27378117048346057, 0.13879898218829517, 0.09612213740458016, 0.07089058524173028, 0.05607124681933842, 0.045251908396946566, 0.03964376590330789, 0.03564376590330789, 0.03161323155216285, 0.029190839694656488, 0.02623918575063613, 0.024559796437659032, 0.022381679389312976, 0.02087531806615776, 0.019826972010178117, 0.019236641221374046, 0.01773027989821883, 0.01648854961832061, 0.015653944020356234]",-140.0968434731,"[0.2818616917981988, 0.1409331892865289, 0.09395603924379033, 0.0704674184729001, 0.05637422420393998, 0.046978745412816214, 0.040267676138661355, 0.03523436311915922, 0.03131955442915895, 0.028187698868468846, 0.025625263860273865, 0.02348989428759141, 0.021683036633914982, 0.020134295522257595, 0.018792047678041327, 0.017617575617144502, 0.016581271873265076, 0.015660108398264868, 0.01483590515562362]",-140.0968434724,"[0.2818616917981988, 0.1409331892865289, 0.09395603924379033, 0.0704674184729001, 0.05637422420393998, 0.046978745412816214, 0.040267676138661355, 0.03523436311915922, 0.03131955442915895, 0.028187698868468846, 0.025625263860273865, 0.02348989428759141, 0.021683036633914982, 0.020134295522257595, 0.018792047678041327, 0.017617575617144502, 0.016581271873265076, 0.015660108398264868, 0.01483590515562362]",0.0009130659368875567,0.0005508907520113008,0.23140000000000002
54,7.9432823472,1.9952623150000002,43,99881.43,"[0.28156942995208234, 0.13719848851698394, 0.09452847200413328, 0.07141048110139701, 0.05632604269027768, 0.04668172746705028, 0.040177893041302384, 0.0355178247611715, 0.03120219631044159, 0.02764636160103737, 0.02538724154349566, 0.02321929673491303, 0.0219732349991389, 0.02049416984935823, 0.018559228454782143, 0.01919745519749572, 0.017728520630932724, 0.0165635035609, 0.01461843158310624]",-115.7983448414,"[0.2818616917981988, 0.1409331892865289, 0.09395603924379033, 0.0704674184729001, 0.05637422420393998, 0.046978745412816214, 0.040267676138661355, 0.03523436311915922, 0.03131955442915895, 0.028187698868468846, 0.025625263860273865, 0.02348989428759141, 0.021683036633914982, 0.020134295522257595, 0.018792047678041327, 0.017617575617144502, 0.016581271873265076, 0.015660108398264868, 0.01483590515562362]",-115.7983448391,"[0.2818616917981988, 0.1409331892865289, 0.09395603924379033, 0.0704674184729001, 0.05637422420393998, 0.046978745412816214, 0.040267676138661355, 0.03523436311915922, 0.03131955442915895, 0.028187698868468846, 0.025625263860273865, 0.02348989428759141, 0.021683036633914982, 0.020134295522257595, 0.018792047678041327, 0.017617575617144502, 0.016581271873265076, 0.015660108398264868, 0.01483590515562362]",0.0006451473427489857,0.0001244804896662477,0.12480000000000001
37,10.0,1.9952623150000002,20,100970.26,"[0.28482889243675813, 0.13999980167190584, 0.09441408922780957, 0.06992056959828645, 0.05489721646519838, 0.04832264014358954, 0.038525232291780294, 0.03563955852166239, 0.03207956923137947, 0.028053508919806035, 0.026724710688892636, 0.022272244974861913, 0.02089386472040697, 0.01953531727536864, 0.017790030046706266, 0.018266017472705096, 0.01680830598058368, 0.015727417867378003, 0.015301012464920717]",-119.1156665549,"[0.2818616917981988, 0.1409331892865289, 0.09395603924379033, 0.0704674184729001, 0.05637422420393998, 0.046978745412816214, 0.040267676138661355, 0.03523436311915922, 0.03131955442915895, 0.028187698868468846, 0.025625263860273865, 0.02348989428759141, 0.021683036633914982, 0.020134295522257595, 0.018792047678041327, 0.017617575617144502, 0.016581271873265076, 0.015660108398264868, 0.01483590515562362]",-119.1161908664,"[0.28186124872105994, 0.140933018609019, 0.09395595936805584, 0.07046738399814176, 0.056374216969809474, 0.04697875633913509, 0.04026770003675491, 0.035234396746105165, 0.03131959562300879, 0.028187746115858437, 0.025625316060574565, 0.023489950615331687, 0.021683096454116656, 0.020134358336009166, 0.01879211308621353, 0.017617643295444803, 0.01658134155462899, 0.01566017986013864, 0.014835978210593561]",0.0005920588903220755,7.571204671884568e-05,0.21480000000000002
51,12.5892541179,1.9952623150000002,13,99515.32,"[0.2799209205657221, 0.13647285446342577, 0.09298930399959446, 0.07375678004765043, 0.05728189790642267, 0.046677143001976985, 0.04046231053885538, 0.0368124904952603, 0.030536827698078774, 0.027870431388452375, 0.02500126729862625, 0.02433213362396715, 0.022243625487909972, 0.02054037613423227, 0.019323769453033914, 0.018766158057484664, 0.016353221473107922, 0.016353221473107922, 0.014305266893090689]",-126.4535197628,"[0.2818616917981988, 0.1409331892865289, 0.09395603924379033, 0.0704674184729001, 0.05637422420393998, 0.046978745412816214, 0.040267676138661355, 0.03523436311915922, 0.03131955442915895, 0.028187698868468846, 0.025625263860273865, 0.02348989428759141, 0.021683036633914982, 0.020134295522257595, 0.018792047678041327, 0.017617575617144502, 0.016581271873265076, 0.015660108398264868, 0.01483590515562362]",-122.1225864673,"[0.2792773009419158, 0.13993775362295247, 0.09349025221254056, 0.07026644564107655, 0.05633213165945883, 0.047042566160592277, 0.04040714334464827, 0.03543055999120266, 0.0315598697985588, 0.02846330486864291, 0.025929740243817268, 0.02381842589658255, 0.022031919478769667, 0.020500619325059446, 0.019173484188205445, 0.01801223318154606, 0.016987592636686383, 0.016076794147971533, 0.015261862659772418]",0.0005738951174125375,6.0436619530193316e-05,0.2772
26,15.8489319246,1.9952623150000002,7,99585.91,"[0.28260629042154073, 0.14079520423250622, 0.09225415153740156, 0.07243942426650306, 0.05783486386175959, 0.04680097766065519, 0.04099737480009254, 0.033594512225787306, 0.030275293951981974, 0.027760734653644602, 0.02445157461703262, 0.022993130223996943, 0.02124299695235413, 0.02026734794459923, 0.020559036823206363, 0.01828587521750938, 0.016223936592872735, 0.015248287585117832, 0.015368986431438025]",-122.7720757519,"[0.2818616917981988, 0.1409331892865289, 0.09395603924379033, 0.0704674184729001, 0.05637422420393998, 0.046978745412816214, 0.040267676138661355, 0.03523436311915922, 0.03131955442915895, 0.028187698868468846, 0.025625263860273865, 0.02348989428759141, 0.021683036633914982, 0.020134295522257595, 0.018792047678041327, 0.017617575617144502, 0.016581271873265076, 0.015660108398264868, 0.01483590515562362]",-122.7720757515,"[0.2818616917981988, 0.1409331892865289, 0.09395603924379033, 0.0704674184729001, 0.05637422420393998, 0.046978745412816214, 0.040267676138661355, 0.03523436311915922, 0.03131955442915895, 0.028187698868468846, 0.025625263860273865, 0.02348989428759141, 0.021683036633914982, 0.020134295522257595, 0.018792047678041327, 0.017617575617144502, 0.016581271873265076, 0.015660108398264868, 0.01483590515562362]",0.0005813847661449495,2.9048616128645516e-05,0.1082
46,19.9526231497,1.9952623150000002,5,99073.84,"[0.28310950103076277, 0.1395832916358105, 0.09584092228248904, 0.07194323799611713, 0.05646178171847167, 0.04711486500010007, 0.0406700958709445, 0.03567640053639693, 0.030982927366251026, 0.026399535656385725, 0.025018513700138103, 0.02318715849728799, 0.02266677341232512, 0.01997478133819026, 0.018223485379180594, 0.01682244861197286, 0.015921782118767887, 0.015221263735164022, 0.0151812341132438]",-114.0827195574,"[0.2818616917981988, 0.1409331892865289, 0.09395603924379033, 0.0704674184729001, 0.05637422420393998, 0.046978745412816214, 0.040267676138661355, 0.03523436311915922, 0.03131955442915895, 0.028187698868468846, 0.025625263860273865, 0.02348989428759141, 0.021683036633914982, 0.020134295522257595, 0.018792047678041327, 0.017617575617144502, 0.016581271873265076, 0.015660108398264868, 0.01483590515562362]",-114.0827195581,"[0.2818616917981988, 0.1409331892865289, 0.09395603924379033, 0.0704674184729001, 0.05637422420393998, 0.046978745412816214, 0.040267676138661355, 0.03523436311915922, 0.03131955442915895, 0.028187698868468846, 0.025625263860273865, 0.02348989428759141, 0.021683036633914982, 0.020134295522257595, 0.018792047678041327, 0.017617575617144502, 0.016581271873265076, 0.015660108398264868, 0.01483590515562362]",0.0005649230357126549,3.51007018429642e-05,0.255
52,25.1188643151,1.9952623150000002,14,101065.36,"[0.2791078844432825, 0.14214320908204206, 0.09355549075405484, 0.07096099508290682, 0.0562700479642832, 0.04540015485324136, 0.04024173194300596, 0.03411799012559201, 0.03095053746141238, 0.030749429355750185, 0.025309455097587707, 0.022725215939828455, 0.021357680821325505, 0.019648261923196814, 0.019276211927721748, 0.01875333085300003, 0.01751651600317751, 0.015927761968446138, 0.015988094400144797]",-126.7848175721,"[0.2818616917981988, 0.1409331892865289, 0.09395603924379033, 0.0704674184729001, 0.05637422420393998, 0.046978745412816214, 0.040267676138661355, 0.03523436311915922, 0.03131955442915895, 0.028187698868468846, 0.025625263860273865, 0.02348989428759141, 0.021683036633914982, 0.020134295522257595, 0.018792047678041327, 0.017617575617144502, 0.016581271873265076, 0.015660108398264868, 0.01483590515562362]",-123.5866518857,"[0.2782210722639655, 0.13953105828286777, 0.09330004691995615, 0.0701844664362569, 0.05631507281252124, 0.04706877485187715, 0.04046424648752835, 0.03551082447802298, 0.03165814013088153, 0.0285759722916454, 0.02605418013991577, 0.023952669823167246, 0.02217445324910769, 0.020650253248586267, 0.01932926649025106, 0.018173390517198865, 0.017153488156503704, 0.016246897171803314, 0.015435726247942982]",0.0005500737046537284,4.8312410922003524e-05,0.1097
43,31.6227766017,1.9952623150000002,8,102969.14,"[0.2816164708884113, 0.13698589807754585, 0.09308053895447542, 0.07131431487424068, 0.05862552869942395, 0.04719286366178938, 0.040853377297573136, 0.034602211950815004, 0.032089969676450676, 0.02811552389083522, 0.02655518591574175, 0.023444323411939038, 0.021295178653791425, 0.022139135042835694, 0.01992129615999843, 0.01698707569111196, 0.016280507551446992, 0.014170616578836321, 0.014729983022737755]",-132.7543973631,"[0.2818616917981988, 0.1409331892865289, 0.09395603924379033, 0.0704674184729001, 0.05637422420393998, 0.046978745412816214, 0.040267676138661355, 0.03523436311915922, 0.03131955442915895, 0.028187698868468846, 0.025625263860273865, 0.02348989428759141, 0.021683036633914982, 0.020134295522257595, 0.018792047678041327, 0.017617575617144502, 0.016581271873265076, 0.015660108398264868, 0.01483590515562362]",-132.273105005,"[0.28081526168576815, 0.14053010090804624, 0.09376740164125336, 0.07038600575166516, 0.05635714593861815, 0.047004556380547347, 0.04032412195137211, 0.035313784765367125, 0.03141684590047985, 0.028299285958583446, 0.025748547117912097, 0.023622924173308454, 0.0218243134801919, 0.02028264101874468, 0.018946519176304407, 0.017777407215314716, 0.01674583282851336, 0.015828873119605107, 0.015008430988404391]",0.0005786348551176543,4.0451208949678194e-05,0.3573
16,39.8107170553,1.9952623150000002,13,99489.74,"[0.2834557261637434, 0.14473710829236713, 0.092664522263357, 0.06840848860027109, 0.05532965143331108, 0.04608444093787299, 0.038862252432683944, 0.03619186340555522, 0.031083732880176407, 0.027624365276850558, 0.025388925977625376, 0.023709817725718677, 0.022020594363860734, 0.01884444983916975, 0.01849042099087617, 0.018540996540632397, 0.01656855010013959, 0.016841658068823206, 0.015152434706965265]",-122.4328804401,"[0.2818616917981988, 0.1409331892865289, 0.09395603924379033, 0.0704674184729001, 0.05637422420393998, 0.046978745412816214, 0.040267676138661355, 0.03523436311915922, 0.03131955442915895, 0.028187698868468846, 0.025625263860273865, 0.02348989428759141, 0.021683036633914982, 0.020134295522257595, 0.018792047678041327, 0.017617575617144502, 0.016581271873265076, 0.015660108398264868, 0.01483590515562362]",-128.3679206108,"[0.27915670233139916, 0.13989131203077548, 0.09346852805260468, 0.07025707870886519, 0.05633017778737036, 0.0470455533193726, 0.040413658902010444, 0.03543972109708061, 0.031571087839716946, 0.028476167863144147, 0.02594394854811532, 0.023833754750136157, 0.022048196010269614, 0.020517707734886072, 0.01919127581437557, 0.018030639708314037, 0.017006541384232753, 0.016096224498709035, 0.015281723618621576]",0.000584799569595537,6.966419886804485e-05,0.23120000000000002
8,50.1187233627,1.9952623150000002,7,100430.29,"[0.28104463514138145, 0.13915070640487148, 0.09264655640185696, 0.07068068088185052, 0.05582909624389558, 0.04622279386643622, 0.041339255210112745, 0.034837918768463996, 0.03379288168974457, 0.029411764705882353, 0.026206314435579494, 0.023523382704636348, 0.022408006591772344, 0.019584396792540044, 0.018107277075503928, 0.01872023151590667, 0.016188026286701903, 0.01593681545047127, 0.01436925983239213]",-120.5748452978,"[0.2818616917981988, 0.1409331892865289, 0.09395603924379033, 0.0704674184729001, 0.05637422420393998, 0.046978745412816214, 0.040267676138661355, 0.03523436311915922, 0.03131955442915895, 0.028187698868468846, 0.025625263860273865, 0.02348989428759141, 0.021683036633914982, 0.020134295522257595, 0.018792047678041327, 0.017617575617144502, 0.016581271873265076, 0.015660108398264868, 0.01483590515562362]",-118.8348968147,"[0.28042779071447443, 0.14038085341488377, 0.09369756217068273, 0.07035586926446992, 0.0563508303941053, 0.047014120754606065, 0.04034502851475465, 0.03534319743680524, 0.03145287395885803, 0.028340605898954045, 0.02579419641912159, 0.02367218089535171, 0.021876622306110757, 0.02033756565602605, 0.0190037105404592, 0.017836581697949265, 0.016806756869732025, 0.01589135208610592, 0.015072301006549037]",0.0005738215338345852,3.33482013035636e-05,0.2793
18,63.095734448,1.9952623150000002,7,100495.68,"[0.2787011634659671, 0.13954582774295612, 0.09109477942207181, 0.07288183110719507, 0.05708192322326131, 0.04764002643330596, 0.04003043835232393, 0.036536035404609805, 0.030408314476240064, 0.02865610669443499, 0.025632296693834232, 0.02505156497186455, 0.022808739011154055, 0.02095640507038869, 0.01907403328193524, 0.018242986162564832, 0.0161603620561908, 0.015509542022948916, 0.013987624406752509]",-125.1841755943,"[0.2818616917981988, 0.1409331892865289, 0.09395603924379033, 0.0704674184729001, 0.05637422420393998, 0.046978745412816214, 0.040267676138661355, 0.03523436311915922, 0.03131955442915895, 0.028187698868468846, 0.025625263860273865, 0.02348989428759141, 0.021683036633914982, 0.020134295522257595, 0.018792047678041327, 0.017617575617144502, 0.016581271873265076, 0.015660108398264868, 0.01483590515562362]",-122.5049316493,"[0.27828224865035484, 0.1415072307856018, 0.0944374916406038, 0.070834834408798, 0.056668684260865014, 0.047224182087496305, 0.040478057220692455, 0.035418448055560985, 0.03148318621349143, 0.028334968014496142, 0.025759145331714063, 0.023612619328696086, 0.021796321584577876, 0.020239488941599194, 0.018890228393733534, 0.017709620197112072, 0.016667902195494008, 0.015741926023045447, 0.014913416666067122]",0.0005913678087308958,3.424727418975855e-05,0.2604
42,79.4328234724,1.9952623150000002,10,99826.09,"[0.2799467344591732, 0.13986239735286404, 0.09379981034239251, 0.07047595988943366, 0.0576639832132841, 0.048776304904868555, 0.040070213667453544, 0.034985775679438294, 0.03139438694187196, 0.029084195871920585, 0.025018663115630613, 0.023142263381958315, 0.022617678510178964, 0.022103181809010754, 0.01795694368783165, 0.018128442588221053, 0.015212961281601194, 0.015424812864435164, 0.014335290438431895]",-124.0414037085,"[0.2818616917981988, 0.1409331892865289, 0.09395603924379033, 0.0704674184729001, 0.05637422420393998, 0.046978745412816214, 0.040267676138661355, 0.03523436311915922, 0.03131955442915895, 0.028187698868468846, 0.025625263860273865, 0.02348989428759141, 0.021683036633914982, 0.020134295522257595, 0.018792047678041327, 0.017617575617144502, 0.016581271873265076, 0.015660108398264868, 0.01483590515562362]",-127.9373121032,"[0.27930993292514966, 0.13995032014853873, 0.0934961306585002, 0.07026898044335689, 0.05633266059454915, 0.04704175808917787, 0.040405380516737456, 0.035428081295670266, 0.03155683446680701, 0.02845982441004704, 0.025925895735848914, 0.023814278119477998, 0.0220275152080021, 0.020495995340665676, 0.01916866989191617, 0.01800725246227525, 0.016982465139783114, 0.01607153629566383, 0.015256488257832572]",0.0005617600758221097,4.994061057466921e-05,0.2227
32,100.0,1.9952623150000002,8,99499.15,"[0.28384882475959855, 0.14073866535917628, 0.09409928254800524, 0.0709446951579495, 0.05450433773277165, 0.04392767443489398, 0.04385763030709347, 0.03523219628365871, 0.031709977285689986, 0.027887569168576203, 0.02596635880604781, 0.022694297407366643, 0.022644265887509132, 0.019552317960314997, 0.0185817064750793, 0.017000710447581977, 0.016650489808579406, 0.015880004402773748, 0.01427899576733342]",-132.1424151816,"[0.2818616917981988, 0.1409331892865289, 0.09395603924379033, 0.0704674184729001, 0.05637422420393998, 0.046978745412816214, 0.040267676138661355, 0.03523436311915922, 0.03131955442915895, 0.028187698868468846, 0.025625263860273865, 0.02348989428759141, 0.021683036633914982, 0.020134295522257595, 0.018792047678041327, 0.017617575617144502, 0.016581271873265076, 0.015660108398264868, 0.01483590515562362]",-133.5277398608,"[0.280759543955284, 0.14113689023881523, 0.09410203644154654, 0.0705771339769776, 0.056462003179603926, 0.047051895105998776, 0.04033037616587327, 0.035289225878115824, 0.03136832151424919, 0.028231589406057935, 0.025665164473941866, 0.023526469955718752, 0.021716798876335094, 0.020165646253609833, 0.01882130841036087, 0.017645007599313832, 0.016607090249855926, 0.015684492451722303, 0.0148590058666193]",0.0005858471906884486,4.304029831229858e-05,0.24910000000000002
56,125.8925411794,1.9952623150000002,6,98563.59,"[0.2820402827143849, 0.1402336887690485, 0.09109572251501409, 0.07114842505208972, 0.05911672182048454, 0.04670711279977122, 0.04024185970502921, 0.03510438370715365, 0.030436736528169302, 0.0292417371409895, 0.025329901540221432, 0.023266740205090494, 0.021152510520080076, 0.020304775912080728, 0.01929362258446705, 0.017649221718347836, 0.0163010172815296, 0.017128324549577155, 0.014207214936470973]",-119.1497111139,"[0.2818616917981988, 0.1409331892865289, 0.09395603924379033, 0.0704674184729001, 0.05637422420393998, 0.046978745412816214, 0.040267676138661355, 0.03523436311915922, 0.03131955442915895, 0.028187698868468846, 0.025625263860273865, 0.02348989428759141, 0.021683036633914982, 0.020134295522257595, 0.018792047678041327, 0.017617575617144502, 0.016581271873265076, 0.015660108398264868, 0.01483590515562362]",-120.427784484,"[0.2797530001340137, 0.14012095345268524, 0.09357595668384545, 0.07030340724534574, 0.056339851345811265, 0.047030794436109136, 0.04038145192911599, 0.035394431210087465, 0.031515625174632605, 0.028412569543359495, 0.02587369606992044, 0.023757959256750318, 0.021967712255293502, 0.02043320726072382, 0.019103295877249623, 0.017939616856902818, 0.016912835078421437, 0.01600013433948274, 0.015183501850249232]",0.0005917162719583989,4.001586210258944e-05,0.0813
40,158.4893192461,1.9952623150000002,7,99409.21,"[0.2777738823835806, 0.13973335470235293, 0.09620065509400699, 0.0713992367253313, 0.05650436228501598, 0.04918213416405397, 0.04047759758797191, 0.03568960163473, 0.03159275990904811, 0.02700509851451925, 0.02560275660352789, 0.02298839061232258, 0.021906583995272105, 0.020714593370929454, 0.01858103032063546, 0.017759658629911954, 0.01683811965983192, 0.014954974807929242, 0.015095208999028378]",-113.6538287346,"[0.2818616917981988, 0.1409331892865289, 0.09395603924379033, 0.0704674184729001, 0.05637422420393998, 0.046978745412816214, 0.040267676138661355, 0.03523436311915922, 0.03131955442915895, 0.028187698868468846, 0.025625263860273865, 0.02348989428759141, 0.021683036633914982, 0.020134295522257595, 0.018792047678041327, 0.017617575617144502, 0.016581271873265076, 0.015660108398264868, 0.01483590515562362]",-109.2790495027,"[0.27748261180800843, 0.141624724989346, 0.09454570651671677, 0.07091826444934698, 0.056735643853949594, 0.04728000595239091, 0.04052590946259324, 0.03546031934383738, 0.03152040532874797, 0.028368465349741766, 0.02578959755337797, 0.02364053394731418, 0.021822088992921745, 0.02026341587689448, 0.01891256024577754, 0.01773055634514343, 0.01668760683420749, 0.01576053598135336, 0.014931047168330804]",0.0006039321216865758,4.940441563165357e-05,0.0854
2,199.5262314969,1.9952623150000002,8,100006.12,"[0.28247308532618903, 0.14443466827479165, 0.09097110318033079, 0.07219756210888456, 0.05648868545668443, 0.04762093066938203, 0.039919725564244266, 0.034729568080037174, 0.03129912113333268, 0.028936363726236494, 0.024349253111622986, 0.02370666218500687, 0.02021689915276858, 0.02006860893893409, 0.01913932359890463, 0.017804711674394236, 0.01523434796792977, 0.015975799037102213, 0.014433580813223533]",-124.0528227333,"[0.2818616917981988, 0.1409331892865289, 0.09395603924379033, 0.0704674184729001, 0.05637422420393998, 0.046978745412816214, 0.040267676138661355, 0.03523436311915922, 0.03131955442915895, 0.028187698868468846, 0.025625263860273865, 0.02348989428759141, 0.021683036633914982, 0.020134295522257595, 0.018792047678041327, 0.017617575617144502, 0.016581271873265076, 0.015660108398264868, 0.01483590515562362]",-134.1289921713,"[0.27976005166955314, 0.14012366926424544, 0.0935772272887802, 0.07030395527331222, 0.056339965916157426, 0.047030620052718325, 0.040381071181617254, 0.03539389571700786, 0.031514969376258216, 0.028411817500413817, 0.02587286530142548, 0.023757062901973883, 0.02196676042136693, 0.020432207888964965, 0.019102255348642752, 0.017938540305376557, 0.016911726754918078, 0.01599899778645433, 0.015182340050813467]",0.0005880482491260623,5.170198999876136e-05,0.08360000000000001
4,251.188643151,1.9952623150000002,9,99896.34,"[0.28685358880473494, 0.1384561368310177, 0.09388574008125596, 0.07106385113106285, 0.058283593318954705, 0.04577418869438732, 0.040176556151878415, 0.034679239604754976, 0.030365651803180016, 0.02816873150423835, 0.0253699152329839, 0.02348397451973717, 0.02138737021618097, 0.01957165069970407, 0.01880924913477454, 0.018227416361538847, 0.015789737673672068, 0.014846767317048704, 0.014806640918894517]",-114.7158061043,"[0.2818616917981988, 0.1409331892865289, 0.09395603924379033, 0.0704674184729001, 0.05637422420393998, 0.046978745412816214, 0.040267676138661355, 0.03523436311915922, 0.03131955442915895, 0.028187698868468846, 0.025625263860273865, 0.02348989428759141, 0.021683036633914982, 0.020134295522257595, 0.018792047678041327, 0.017617575617144502, 0.016581271873265076, 0.015660108398264868, 0.01483590515562362]",-125.1535023086,"[0.2798197272680103, 0.14014665256779554, 0.09358798024002271, 0.07030859349595477, 0.05634093564677681, 0.047029144452077454, 0.04037784918294608, 0.03538936418158743, 0.03150941947049249, 0.028405453107855232, 0.025865834680720692, 0.02374947724711889, 0.02195870526622401, 0.020423750438714767, 0.019093449339501464, 0.017929429448656806, 0.016902347025170864, 0.015989379162473377, 0.015172507777900298]",0.0005951231592328034,5.170855397911851e-05,0.20140000000000002
