{
    "alpha": 100,
    "hidden_states": {
        "Pop1": [
            0.0,
            0.08689985638322974,
            0.23034337200604088,
            0.577681592833083,
            1.4798376847881183,
            4.034758122321691,
            5009.3547159458685,
            Infinity
        ]
    },
    "model": {
        "N0": 0.0625,
        "class": "SMCModel",
        "knots": [
            0.08689985638322974,
            0.577681592833083,
            4.034758122321691
        ],
        "pid": "Pop1",
        "spline_class": "Piecewise",
        "y": [
            9.210335522368412,
            9.210334411067272,
            9.210334411067272
        ]
    },
    "rho": 0.009996002840327433,
    "theta": 0.0001
}