{
    "alpha": 100,
    "hidden_states": {
        "Pop1": [
            0.0,
            0.09476915328377239,
            0.1809760116918613,
            0.3428586475582305,
            0.6601639715427302,
            1.2728309814567422,
            2.5254633889766325,
            5.81358085357341,
            5009.314683926078,
            Infinity
        ]
    },
    "model": {
        "N0": 0.0625,
        "class": "SMCModel",
        "knots": [
            0.09476915328377239,
            0.3428586475582305,
            1.2728309814567422,
            5.81358085357341
        ],
        "pid": "Pop1",
        "spline_class": "Piecewise",
        "y": [
            9.210340371976184,
            9.210340371976184,
            9.210340371976184,
            9.210340371976184
        ]
    },
    "rho": 0.0001,
    "theta": 0.0001
}