{
    "alpha": 100,
    "hidden_states": {
        "Pop1": [
            0.0,
            0.08695505210167201,
            0.17330618169586035,
            0.3407360581705674,
            0.6687949981409415,
            1.2940854013413001,
            2.5744125019845696,
            5.863577686595441,
            5009.359762110038,
            Infinity
        ]
    },
    "model": {
        "N0": 0.0625,
        "class": "SMCModel",
        "knots": [
            0.08695505210167201,
            0.3407360581705674,
            1.2940854013413001,
            5.863577686595441
        ],
        "pid": "Pop1",
        "spline_class": "Piecewise",
        "y": [
            9.210340371976184,
            9.210340371976184,
            9.210340371976184,
            9.210340371976184
        ]
    },
    "rho": 0.0001,
    "theta": 0.0001
}