{
    "alpha": 100,
    "hidden_states": {
        "Pop1": [
            0.0,
            0.08076380942744678,
            0.15051210730177653,
            0.29500563806340463,
            0.571538619515255,
            1.1318590181160826,
            2.1882588876021076,
            4.739399526757779,
            5008.486031264651,
            Infinity
        ]
    },
    "model": {
        "N0": 0.0625,
        "class": "SMCModel",
        "knots": [
            0.08076380942744678,
            0.29500563806340463,
            1.1318590181160826,
            4.739399526757779
        ],
        "pid": "Pop1",
        "spline_class": "Piecewise",
        "y": [
            9.143467437288493,
            9.143467437288493,
            9.143467437288493,
            9.143467437288493
        ]
    },
    "rho": 0.0001,
    "theta": 0.0001
}