{
    "alpha": 100,
    "hidden_states": {
        "Pop1": [
            0.0,
            0.09210754483679212,
            0.22487350347104057,
            0.5722407307593382,
            1.4615839846827916,
            3.9876599970516144,
            5009.280403552027,
            Infinity
        ]
    },
    "model": {
        "N0": 0.0625,
        "class": "SMCModel",
        "knots": [
            0.09210754483679212,
            0.5722407307593382,
            3.9876599970516144
        ],
        "pid": "Pop1",
        "spline_class": "Piecewise",
        "y": [
            9.210340371976184,
            9.210340371976184,
            9.210340371976184
        ]
    },
    "rho": 0.0001,
    "theta": 0.0001
}