{
    "alpha": 100,
    "hidden_states": {
        "Pop1": [
            0.0,
            0.07333055290040277,
            0.14288700660133064,
            0.28312303799021343,
            0.5407305630248046,
            1.0379359967958377,
            2.029952111597732,
            4.36781059224935,
            5007.669816446877,
            Infinity
        ]
    },
    "model": {
        "N0": 0.0625,
        "class": "SMCModel",
        "knots": [
            0.07333055290040277,
            0.28312303799021343,
            1.0379359967958377,
            4.36781059224935
        ],
        "pid": "Pop1",
        "spline_class": "Piecewise",
        "y": [
            6.455086664375537,
            6.455086664375537,
            6.455086664375537,
            6.455086664375537
        ]
    },
    "rho": 0.0001,
    "theta": 0.0001
}