{
    "alpha": 100,
    "hidden_states": {
        "Pop1": [
            0.0,
            0.08088127620150827,
            0.1568131296827342,
            0.29418431503876197,
            0.5704650563251146,
            1.1002909620545174,
            2.17175125758865,
            4.727231325209562,
            5008.466108418304,
            Infinity
        ]
    },
    "model": {
        "N0": 0.0625,
        "class": "SMCModel",
        "knots": [
            0.08088127620150827,
            0.29418431503876197,
            1.1002909620545174,
            4.727231325209562
        ],
        "pid": "Pop1",
        "spline_class": "Piecewise",
        "y": [
            9.147745082784894,
            9.147745082784894,
            9.147745082784894,
            9.147745082784894
        ]
    },
    "rho": 0.0001,
    "theta": 0.0001
}