{
    "alpha": 100,
    "hidden_states": {
        "Pop1": [
            0.0,
            0.09020069729993455,
            0.17948769081174312,
            0.35163845256656473,
            0.6535799658992923,
            1.2790982635148709,
            2.544175222669943,
            5.826835178887418,
            5009.20659080225,
            Infinity
        ]
    },
    "model": {
        "N0": 0.0625,
        "class": "SMCModel",
        "knots": [
            0.09020069729993455,
            0.35163845256656473,
            1.2790982635148709,
            5.826835178887418
        ],
        "pid": "Pop1",
        "spline_class": "Piecewise",
        "y": [
            9.210340371976184,
            9.210340371976184,
            9.210340371976184,
            9.210340371976184
        ]
    },
    "rho": 0.0001,
    "theta": 0.0001
}