{
    "alpha": 100,
    "hidden_states": {
        "Pop1": [
            0.0,
            0.07090771858475049,
            0.34364009604103996,
            1.6363299468591366,
            5007.900414702708,
            Infinity
        ]
    },
    "model": {
        "N0": 0.0625,
        "class": "SMCModel",
        "knots": [
            0.07090771858475049,
            1.6363299468591366
        ],
        "pid": "Pop1",
        "spline_class": "Piecewise",
        "y": [
            3.080163642404368,
            5.4255462800843155
        ]
    },
    "rho": 0.009996002840327433,
    "theta": 0.0001
}