{
    "alpha": 100,
    "hidden_states": {
        "Pop1": [
            0.0,
            0.07832352540293411,
            0.19785285075905942,
            0.505728371063213,
            1.283940658637014,
            3.4365241766024193,
            5008.51858967809,
            Infinity
        ]
    },
    "model": {
        "N0": 0.0625,
        "class": "SMCModel",
        "knots": [
            0.07832352540293411,
            0.505728371063213,
            3.4365241766024193
        ],
        "pid": "Pop1",
        "spline_class": "Piecewise",
        "y": [
            9.126131509740091,
            9.126131509740091,
            9.126131509740091
        ]
    },
    "rho": 0.0001,
    "theta": 0.0001
}