{
    "alpha": 100,
    "hidden_states": {
        "Pop1": [
            0.0,
            0.07692651413075294,
            0.20212395700843164,
            0.5013802061165918,
            1.242922513670192,
            3.3807566442289856,
            5008.333538739119,
            Infinity
        ]
    },
    "model": {
        "N0": 0.0625,
        "class": "SMCModel",
        "knots": [
            0.07692651413075294,
            0.5013802061165918,
            3.3807566442289856
        ],
        "pid": "Pop1",
        "spline_class": "Piecewise",
        "y": [
            9.21033635881205,
            9.210334043738452,
            9.210334043738452
        ]
    },
    "rho": 0.009996002840327433,
    "theta": 0.0001
}