{
    "alpha": 100,
    "hidden_states": {
        "Pop1": [
            0.0,
            0.08730229566376936,
            0.428636323016505,
            2.04400497484998,
            5009.41021473549,
            Infinity
        ]
    },
    "model": {
        "N0": 0.0625,
        "class": "SMCModel",
        "knots": [
            0.08730229566376936,
            2.04400497484998
        ],
        "pid": "Pop1",
        "spline_class": "Piecewise",
        "y": [
            9.210333913596683,
            9.210333913596683
        ]
    },
    "rho": 0.0001,
    "theta": 0.0001
}