{
    "alpha": 100,
    "hidden_states": {
        "Pop1": [
            0.0,
            0.0780516539549683,
            0.37598948068286436,
            1.7076058421318796,
            5008.471849998732,
            Infinity
        ]
    },
    "model": {
        "N0": 0.0625,
        "class": "SMCModel",
        "knots": [
            0.0780516539549683,
            1.7076058421318796
        ],
        "pid": "Pop1",
        "spline_class": "Piecewise",
        "y": [
            6.579580598715757,
            6.579580598715757
        ]
    },
    "rho": 0.0001,
    "theta": 0.0001
}