{
    "alpha": 100,
    "hidden_states": {
        "Pop1": [
            0.0,
            0.08190593913128322,
            0.2009248715384972,
            0.5014187318336618,
            1.2542181583369256,
            3.3983461157308215,
            5008.546911006059,
            Infinity
        ]
    },
    "model": {
        "N0": 0.0625,
        "class": "SMCModel",
        "knots": [
            0.08190593913128322,
            0.5014187318336618,
            3.3983461157308215
        ],
        "pid": "Pop1",
        "spline_class": "Piecewise",
        "y": [
            9.147717624540995,
            9.147717624540995,
            9.147717624540995
        ]
    },
    "rho": 0.0001,
    "theta": 0.0001
}