{
    "alpha": 100,
    "hidden_states": {
        "Pop1": [
            0.0,
            0.07465643339264064,
            0.140055792563585,
            0.27680422296069157,
            0.5396566852260912,
            1.0655258840916042,
            2.049993323626403,
            4.361515838572625,
            5007.8229806957615,
            Infinity
        ]
    },
    "model": {
        "N0": 0.0625,
        "class": "SMCModel",
        "knots": [
            0.07465643339264064,
            0.27680422296069157,
            1.0655258840916042,
            4.361515838572625
        ],
        "pid": "Pop1",
        "spline_class": "Piecewise",
        "y": [
            6.502793559221144,
            6.502793559221144,
            6.502793559221144,
            6.502793559221144
        ]
    },
    "rho": 0.0001,
    "theta": 0.0001
}