{
    "alpha": 100,
    "hidden_states": {
        "Pop1": [
            0.0,
            0.09073000089078818,
            0.17031768163181735,
            0.32610795395648123,
            0.6454046971081446,
            1.258463776808559,
            2.4744476946345366,
            5.561801810072854,
            5009.1954737101005,
            Infinity
        ]
    },
    "model": {
        "N0": 0.0625,
        "class": "SMCModel",
        "knots": [
            0.09073000089078818,
            0.32610795395648123,
            1.258463776808559,
            5.561801810072854
        ],
        "pid": "Pop1",
        "spline_class": "Piecewise",
        "y": [
            9.210340371976184,
            9.210340371976184,
            9.210340371976184,
            9.210340371976184
        ]
    },
    "rho": 0.0001,
    "theta": 0.0001
}