{
    "alpha": 100,
    "hidden_states": {
        "Pop1": [
            0.0,
            0.08099868795169492,
            0.1510190250602857,
            0.2962119650580654,
            0.5725927757514633,
            1.134007255506081,
            2.1926505670649092,
            4.749630988440124,
            5008.486064997661,
            Infinity
        ]
    },
    "model": {
        "N0": 0.0625,
        "class": "SMCModel",
        "knots": [
            0.08099868795169492,
            0.2962119650580654,
            1.134007255506081,
            4.749630988440124
        ],
        "pid": "Pop1",
        "spline_class": "Piecewise",
        "y": [
            9.148744410959342,
            9.148744410959342,
            9.148744410959342,
            9.148744410959342
        ]
    },
    "rho": 0.0001,
    "theta": 0.0001
}