{
    "alpha": 100,
    "hidden_states": {
        "Pop1": [
            0.0,
            0.07364392254879298,
            0.1915505828378473,
            0.4784786806868241,
            1.1910230594217177,
            3.1960497909948646,
            5007.762510770012,
            Infinity
        ]
    },
    "model": {
        "N0": 0.0625,
        "class": "SMCModel",
        "knots": [
            0.07364392254879298,
            0.4784786806868241,
            3.1960497909948646
        ],
        "pid": "Pop1",
        "spline_class": "Piecewise",
        "y": [
            6.37264702005437,
            6.37264702005437,
            6.37264702005437
        ]
    },
    "rho": 0.0001,
    "theta": 0.0001
}