{
    "alpha": 100,
    "hidden_states": {
        "Pop1": [
            0.0,
            0.08831951271577632,
            0.42100873565957747,
            1.9233207669476176,
            5009.184919061502,
            Infinity
        ]
    },
    "model": {
        "N0": 0.0625,
        "class": "SMCModel",
        "knots": [
            0.08831951271577632,
            1.9233207669476176
        ],
        "pid": "Pop1",
        "spline_class": "Piecewise",
        "y": [
            9.21033441102868,
            9.21033441102868
        ]
    },
    "rho": 0.009996002840327433,
    "theta": 0.0001
}