{
    "alpha": 100,
    "hidden_states": {
        "Pop1": [
            0.0,
            0.09751702916530725,
            0.4285338088769832,
            2.038482971361249,
            5009.163856597319,
            Infinity
        ]
    },
    "model": {
        "N0": 0.0625,
        "class": "SMCModel",
        "knots": [
            0.09751702916530725,
            2.038482971361249
        ],
        "pid": "Pop1",
        "spline_class": "Piecewise",
        "y": [
            9.210334411031742,
            9.210334411031742
        ]
    },
    "rho": 0.009996002840327433,
    "theta": 0.0001
}