{
    "alpha": 100,
    "hidden_states": {
        "Pop1": [
            0.0,
            0.07799260047698803,
            0.14860023475030215,
            0.29998516588327584,
            0.5706237699810959,
            1.1318600966695422,
            2.2052309635372707,
            4.75845979539996,
            5008.442885600686,
            Infinity
        ]
    },
    "model": {
        "N0": 0.0625,
        "class": "SMCModel",
        "knots": [
            0.07799260047698803,
            0.29998516588327584,
            1.1318600966695422,
            4.75845979539996
        ],
        "pid": "Pop1",
        "spline_class": "Piecewise",
        "y": [
            9.142080840982437,
            9.142080840982437,
            9.142080840982437,
            9.142080840982437
        ]
    },
    "rho": 0.0001,
    "theta": 0.0001
}