{
    "alpha": 100,
    "hidden_states": {
        "Pop1": [
            0.0,
            0.07467229288265008,
            0.1860630803858476,
            0.47203500773381013,
            1.2117880079785803,
            3.1694237462434827,
            5007.859206481405,
            Infinity
        ]
    },
    "model": {
        "N0": 0.0625,
        "class": "SMCModel",
        "knots": [
            0.07467229288265008,
            0.47203500773381013,
            3.1694237462434827
        ],
        "pid": "Pop1",
        "spline_class": "Piecewise",
        "y": [
            6.239938506201746,
            3.9675338507398195,
            5.314653062605485
        ]
    },
    "rho": 0.009996002840327433,
    "theta": 0.0001
}