{
    "alpha": 100,
    "hidden_states": {
        "Pop1": [
            0.0,
            0.07402425796558233,
            0.35694764092092585,
            1.6209485581776504,
            5007.858459168968,
            Infinity
        ]
    },
    "model": {
        "N0": 0.0625,
        "class": "SMCModel",
        "knots": [
            0.07402425796558233,
            1.6209485581776504
        ],
        "pid": "Pop1",
        "spline_class": "Piecewise",
        "y": [
            6.3726466416982905,
            6.3726466416982905
        ]
    },
    "rho": 0.0001,
    "theta": 0.0001
}