{
    "alpha": 100,
    "hidden_states": {
        "Pop1": [
            0.0,
            0.07402425796558233,
            0.35694764092092585,
            1.6209485581776504,
            5007.858459168968,
            Infinity
        ]
    },
    "model": {
        "N0": 0.0625,
        "class": "SMCModel",
        "knots": [
            0.07402425796558233,
            1.6209485581776504
        ],
        "pid": "Pop1",
        "spline_class": "Piecewise",
        "y": [
            2.610731250149272,
            5.4470445817406175
        ]
    },
    "rho": 0.009996002840327433,
    "theta": 0.0001
}