{
    "alpha": 100,
    "hidden_states": {
        "Pop1": [
            0.0,
            0.07743714263567537,
            0.18935274419569378,
            0.47674635329546056,
            1.1914312805064482,
            3.1634020590419474,
            5007.611038344788,
            Infinity
        ]
    },
    "model": {
        "N0": 0.0625,
        "class": "SMCModel",
        "knots": [
            0.07743714263567537,
            0.47674635329546056,
            3.1634020590419474
        ],
        "pid": "Pop1",
        "spline_class": "Piecewise",
        "y": [
            4.306886374589993,
            3.568309899161551,
            5.4391210237737155
        ]
    },
    "rho": 0.009996002840327433,
    "theta": 0.0001
}