{
    "alpha": 100,
    "hidden_states": {
        "Pop1": [
            0.0,
            0.0769305359955236,
            0.37369606637926495,
            1.697226952999398,
            5008.33273748004,
            Infinity
        ]
    },
    "model": {
        "N0": 0.0625,
        "class": "SMCModel",
        "knots": [
            0.0769305359955236,
            1.697226952999398
        ],
        "pid": "Pop1",
        "spline_class": "Piecewise",
        "y": [
            2.648896939919953,
            5.523063228013973
        ]
    },
    "rho": 0.009996002840327433,
    "theta": 0.0001
}