{
    "alpha": 100,
    "hidden_states": {
        "Pop1": [
            0.0,
            0.07693857972506492,
            0.20262036472903827,
            0.5022361616497781,
            1.2442526813702879,
            3.3847387988549484,
            5008.3567977586945,
            Infinity
        ]
    },
    "model": {
        "N0": 0.0625,
        "class": "SMCModel",
        "knots": [
            0.07693857972506492,
            0.5022361616497781,
            3.3847387988549484
        ],
        "pid": "Pop1",
        "spline_class": "Piecewise",
        "y": [
            9.142053515052869,
            9.142053515052869,
            9.142053515052869
        ]
    },
    "rho": 0.0001,
    "theta": 0.0001
}