{
    "alpha": 100,
    "hidden_states": {
        "Pop1": [
            0.0,
            0.07693857972506492,
            0.20262036472903827,
            0.5022361616497781,
            1.2442526813702879,
            3.3847387988549484,
            5008.3567977586945,
            Infinity
        ]
    },
    "model": {
        "N0": 0.0625,
        "class": "SMCModel",
        "knots": [
            0.07693857972506492,
            0.5022361616497781,
            3.3847387988549484
        ],
        "pid": "Pop1",
        "spline_class": "Piecewise",
        "y": [
            9.210333538349191,
            9.210334004018812,
            9.210334004018812
        ]
    },
    "rho": 0.009996002840327433,
    "theta": 0.0001
}