{
    "alpha": 100,
    "hidden_states": {
        "Pop1": [
            0.0,
            0.07109717576058967,
            0.13819281440815,
            0.27923774861741607,
            0.5394401327278411,
            1.0646018073933599,
            2.0632095144080895,
            4.394177528514301,
            5007.905975600029,
            Infinity
        ]
    },
    "model": {
        "N0": 0.0625,
        "class": "SMCModel",
        "knots": [
            0.07109717576058967,
            0.27923774861741607,
            1.0646018073933599,
            4.394177528514301
        ],
        "pid": "Pop1",
        "spline_class": "Piecewise",
        "y": [
            6.439389713372235,
            6.439389713372235,
            6.439389713372235,
            6.439389713372235
        ]
    },
    "rho": 0.0001,
    "theta": 0.0001
}